id,Age
15000,14
15001,8
15002,12
15003,10
15004,7
15005,5
15006,15
15007,14
15008,8
15009,9
15010,7
15011,11
15012,10
15013,7
15014,14
15015,9
15016,4
15017,11
15018,10
15019,13
15020,6
15021,12
15022,7
15023,15
15024,9
15025,8
15026,11
15027,14
15028,12
15029,7
15030,9
15031,12
15032,8
15033,8
15034,10
15035,10
15036,13
15037,17
15038,13
15039,14
15040,12
15041,10
15042,9
15043,12
15044,11
15045,9
15046,10
15047,11
15048,13
15049,13
15050,11
15051,8
15052,7
15053,7
15054,13
15055,6
15056,7
15057,7
15058,9
15059,10
15060,14
15061,7
15062,10
15063,10
15064,12
15065,11
15066,10
15067,11
15068,11
15069,9
15070,10
15071,10
15072,8
15073,11
15074,7
15075,12
15076,10
15077,14
15078,5
15079,6
15080,7
15081,9
15082,10
15083,11
15084,8
15085,11
15086,10
15087,7
15088,9
15089,8
15090,11
15091,6
15092,7
15093,15
15094,10
15095,4
15096,8
15097,13
15098,9
15099,8
15100,12
15101,11
15102,8
15103,9
15104,9
15105,11
15106,7
15107,7
15108,12
15109,5
15110,9
15111,14
15112,11
15113,10
15114,9
15115,10
15116,12
15117,15
15118,13
15119,10
15120,11
15121,7
15122,11
15123,9
15124,7
15125,10
15126,15
15127,6
15128,7
15129,7
15130,7
15131,10
15132,9
15133,9
15134,10
15135,13
15136,10
15137,9
15138,11
15139,7
15140,13
15141,11
15142,11
15143,9
15144,13
15145,11
15146,14
15147,8
15148,13
15149,14
15150,11
15151,8
15152,8
15153,5
15154,11
15155,7
15156,10
15157,13
15158,6
15159,12
15160,11
15161,10
15162,15
15163,8
15164,9
15165,10
15166,12
15167,5
15168,10
15169,10
15170,10
15171,11
15172,12
15173,9
15174,12
15175,9
15176,12
15177,10
15178,10
15179,10
15180,15
15181,9
15182,12
15183,10
15184,12
15185,6
15186,10
15187,12
15188,13
15189,8
15190,9
15191,7
15192,8
15193,11
15194,10
15195,11
15196,10
15197,11
15198,7
15199,6
15200,11
15201,11
15202,8
15203,11
15204,13
15205,7
15206,8
15207,5
15208,10
15209,6
15210,10
15211,11
15212,11
15213,10
15214,10
15215,10
15216,13
15217,10
15218,11
15219,11
15220,11
15221,11
15222,11
15223,13
15224,16
15225,8
15226,5
15227,17
15228,13
15229,10
15230,4
15231,10
15232,6
15233,13
15234,11
15235,7
15236,11
15237,10
15238,14
15239,6
15240,10
15241,7
15242,10
15243,11
15244,5
15245,9
15246,10
15247,9
15248,10
15249,8
15250,9
15251,13
15252,11
15253,11
15254,7
15255,8
15256,10
15257,10
15258,12
15259,10
15260,7
15261,11
15262,12
15263,10
15264,11
15265,11
15266,9
15267,11
15268,10
15269,10
15270,11
15271,15
15272,10
15273,6
15274,11
15275,11
15276,12
15277,7
15278,13
15279,5
15280,6
15281,7
15282,7
15283,11
15284,13
15285,11
15286,8
15287,8
15288,7
15289,5
15290,7
15291,11
15292,5
15293,7
15294,12
15295,9
15296,5
15297,9
15298,9
15299,9
15300,10
15301,10
15302,7
15303,6
15304,8
15305,10
15306,6
15307,12
15308,10
15309,15
15310,6
15311,6
15312,6
15313,5
15314,11
15315,6
15316,10
15317,12
15318,10
15319,6
15320,10
15321,11
15322,11
15323,12
15324,7
15325,10
15326,9
15327,11
15328,11
15329,9
15330,17
15331,13
15332,10
15333,11
15334,11
15335,12
15336,12
15337,7
15338,7
15339,13
15340,11
15341,15
15342,13
15343,10
15344,12
15345,14
15346,9
15347,11
15348,11
15349,11
15350,14
15351,13
15352,10
15353,11
15354,9
15355,10
15356,11
15357,8
15358,14
15359,10
15360,12
15361,14
15362,13
15363,9
15364,10
15365,9
15366,10
15367,11
15368,13
15369,11
15370,11
15371,10
15372,6
15373,13
15374,9
15375,10
15376,14
15377,11
15378,10
15379,8
15380,11
15381,6
15382,7
15383,10
15384,12
15385,7
15386,12
15387,11
15388,11
15389,10
15390,10
15391,10
15392,13
15393,9
15394,10
15395,13
15396,11
15397,11
15398,9
15399,8
15400,9
15401,5
15402,6
15403,12
15404,10
15405,7
15406,12
15407,8
15408,11
15409,10
15410,11
15411,9
15412,13
15413,9
15414,11
15415,9
15416,10
15417,5
15418,18
15419,10
15420,11
15421,11
15422,13
15423,12
15424,10
15425,7
15426,10
15427,7
15428,11
15429,7
15430,11
15431,14
15432,4
15433,11
15434,5
15435,10
15436,13
15437,9
15438,4
15439,10
15440,6
15441,5
15442,9
15443,6
15444,16
15445,10
15446,12
15447,7
15448,10
15449,9
15450,9
15451,9
15452,7
15453,6
15454,12
15455,15
15456,11
15457,9
15458,10
15459,12
15460,4
15461,11
15462,9
15463,7
15464,7
15465,10
15466,11
15467,14
15468,7
15469,9
15470,9
15471,11
15472,9
15473,5
15474,9
15475,9
15476,9
15477,10
15478,13
15479,10
15480,12
15481,5
15482,11
15483,11
15484,7
15485,12
15486,4
15487,10
15488,8
15489,10
15490,10
15491,6
15492,6
15493,9
15494,11
15495,9
15496,8
15497,10
15498,7
15499,10
15500,6
15501,11
15502,9
15503,6
15504,9
15505,9
15506,9
15507,11
15508,11
15509,9
15510,10
15511,10
15512,11
15513,7
15514,12
15515,5
15516,12
15517,10
15518,10
15519,9
15520,7
15521,15
15522,10
15523,9
15524,9
15525,10
15526,6
15527,10
15528,11
15529,11
15530,10
15531,10
15532,6
15533,10
15534,7
15535,9
15536,11
15537,12
15538,14
15539,11
15540,10
15541,5
15542,12
15543,15
15544,10
15545,11
15546,11
15547,12
15548,9
15549,12
15550,10
15551,11
15552,8
15553,11
15554,10
15555,12
15556,12
15557,8
15558,9
15559,11
15560,10
15561,11
15562,15
15563,11
15564,12
15565,8
15566,13
15567,7
15568,13
15569,11
15570,11
15571,4
15572,9
15573,8
15574,9
15575,12
15576,9
15577,9
15578,8
15579,6
15580,7
15581,10
15582,7
15583,10
15584,8
15585,9
15586,5
15587,9
15588,10
15589,11
15590,7
15591,6
15592,9
15593,11
15594,10
15595,9
15596,10
15597,11
15598,9
15599,5
15600,10
15601,11
15602,6
15603,10
15604,11
15605,7
15606,16
15607,10
15608,9
15609,10
15610,10
15611,10
15612,9
15613,10
15614,6
15615,4
15616,11
15617,7
15618,9
15619,11
15620,13
15621,6
15622,10
15623,9
15624,13
15625,12
15626,6
15627,10
15628,12
15629,12
15630,11
15631,9
15632,10
15633,11
15634,15
15635,10
15636,5
15637,9
15638,6
15639,6
15640,10
15641,11
15642,7
15643,11
15644,15
15645,10
15646,8
15647,10
15648,13
15649,9
15650,8
15651,10
15652,8
15653,10
15654,10
15655,11
15656,6
15657,11
15658,10
15659,13
15660,11
15661,12
15662,7
15663,14
15664,6
15665,7
15666,10
15667,9
15668,10
15669,9
15670,9
15671,11
15672,9
15673,10
15674,10
15675,9
15676,6
15677,13
15678,9
15679,6
15680,8
15681,8
15682,4
15683,11
15684,6
15685,11
15686,10
15687,11
15688,11
15689,10
15690,11
15691,9
15692,10
15693,11
15694,13
15695,8
15696,5
15697,12
15698,10
15699,6
15700,11
15701,11
15702,7
15703,12
15704,10
15705,11
15706,14
15707,9
15708,10
15709,9
15710,8
15711,6
15712,15
15713,11
15714,12
15715,8
15716,11
15717,12
15718,10
15719,7
15720,16
15721,11
15722,14
15723,8
15724,6
15725,8
15726,11
15727,11
15728,10
15729,9
15730,4
15731,13
15732,10
15733,13
15734,12
15735,12
15736,10
15737,12
15738,10
15739,10
15740,7
15741,6
15742,11
15743,9
15744,10
15745,9
15746,11
15747,12
15748,7
15749,7
15750,11
15751,11
15752,9
15753,12
15754,11
15755,11
15756,10
15757,10
15758,11
15759,9
15760,10
15761,7
15762,10
15763,9
15764,9
15765,11
15766,9
15767,9
15768,13
15769,9
15770,9
15771,13
15772,11
15773,10
15774,8
15775,12
15776,12
15777,7
15778,11
15779,11
15780,9
15781,11
15782,11
15783,10
15784,15
15785,9
15786,10
15787,11
15788,14
15789,11
15790,10
15791,9
15792,9
15793,11
15794,18
15795,10
15796,10
15797,8
15798,8
15799,11
15800,13
15801,10
15802,7
15803,13
15804,9
15805,12
15806,9
15807,12
15808,7
15809,9
15810,12
15811,9
15812,10
15813,10
15814,9
15815,6
15816,8
15817,13
15818,8
15819,7
15820,11
15821,4
15822,15
15823,10
15824,7
15825,11
15826,10
15827,11
15828,11
15829,14
15830,8
15831,10
15832,10
15833,9
15834,9
15835,10
15836,9
15837,10
15838,7
15839,15
15840,6
15841,10
15842,9
15843,10
15844,13
15845,11
15846,11
15847,8
15848,14
15849,8
15850,9
15851,10
15852,17
15853,8
15854,11
15855,6
15856,10
15857,13
15858,9
15859,10
15860,9
15861,12
15862,11
15863,8
15864,10
15865,11
15866,7
15867,14
15868,10
15869,9
15870,10
15871,7
15872,10
15873,7
15874,9
15875,7
15876,10
15877,4
15878,10
15879,8
15880,9
15881,11
15882,6
15883,14
15884,11
15885,10
15886,14
15887,11
15888,11
15889,9
15890,9
15891,11
15892,9
15893,9
15894,5
15895,10
15896,9
15897,9
15898,10
15899,8
15900,6
15901,7
15902,8
15903,8
15904,6
15905,8
15906,11
15907,9
15908,10
15909,8
15910,11
15911,11
15912,13
15913,9
15914,11
15915,11
15916,9
15917,11
15918,10
15919,10
15920,12
15921,13
15922,10
15923,9
15924,14
15925,11
15926,9
15927,10
15928,10
15929,11
15930,7
15931,8
15932,9
15933,8
15934,4
15935,11
15936,9
15937,10
15938,11
15939,6
15940,10
15941,16
15942,11
15943,11
15944,11
15945,10
15946,11
15947,10
15948,10
15949,11
15950,11
15951,10
15952,9
15953,9
15954,9
15955,14
15956,7
15957,9
15958,7
15959,6
15960,5
15961,9
15962,11
15963,6
15964,7
15965,9
15966,6
15967,9
15968,10
15969,10
15970,10
15971,9
15972,9
15973,11
15974,11
15975,8
15976,9
15977,11
15978,9
15979,10
15980,8
15981,9
15982,14
15983,9
15984,11
15985,10
15986,12
15987,11
15988,12
15989,7
15990,11
15991,9
15992,5
15993,8
15994,10
15995,11
15996,11
15997,11
15998,6
15999,8
16000,13
16001,11
16002,8
16003,11
16004,5
16005,5
16006,13
16007,6
16008,12
16009,10
16010,10
16011,5
16012,9
16013,10
16014,10
16015,11
16016,9
16017,11
16018,9
16019,13
16020,6
16021,7
16022,8
16023,9
16024,10
16025,11
16026,10
16027,8
16028,9
16029,4
16030,9
16031,8
16032,9
16033,7
16034,8
16035,7
16036,11
16037,9
16038,11
16039,11
16040,7
16041,7
16042,6
16043,10
16044,9
16045,4
16046,17
16047,12
16048,10
16049,13
16050,13
16051,14
16052,8
16053,6
16054,10
16055,16
16056,13
16057,4
16058,10
16059,7
16060,6
16061,10
16062,14
16063,10
16064,10
16065,7
16066,13
16067,10
16068,17
16069,7
16070,10
16071,10
16072,9
16073,11
16074,8
16075,14
16076,10
16077,9
16078,10
16079,7
16080,14
16081,10
16082,11
16083,10
16084,10
16085,10
16086,12
16087,7
16088,8
16089,9
16090,10
16091,10
16092,8
16093,16
16094,13
16095,10
16096,6
16097,10
16098,6
16099,10
16100,8
16101,11
16102,11
16103,6
16104,13
16105,12
16106,9
16107,10
16108,11
16109,11
16110,11
16111,10
16112,8
16113,9
16114,11
16115,10
16116,8
16117,7
16118,11
16119,10
16120,10
16121,9
16122,11
16123,12
16124,6
16125,11
16126,9
16127,12
16128,15
16129,10
16130,9
16131,14
16132,11
16133,9
16134,10
16135,11
16136,6
16137,7
16138,10
16139,10
16140,14
16141,9
16142,13
16143,10
16144,11
16145,6
16146,10
16147,12
16148,9
16149,7
16150,9
16151,11
16152,6
16153,14
16154,4
16155,13
16156,16
16157,13
16158,5
16159,9
16160,8
16161,10
16162,9
16163,10
16164,13
16165,6
16166,9
16167,11
16168,7
16169,11
16170,10
16171,11
16172,9
16173,12
16174,11
16175,9
16176,8
16177,11
16178,11
16179,12
16180,12
16181,13
16182,11
16183,6
16184,12
16185,12
16186,16
16187,13
16188,6
16189,11
16190,7
16191,11
16192,10
16193,9
16194,11
16195,6
16196,12
16197,11
16198,10
16199,7
16200,14
16201,8
16202,8
16203,17
16204,8
16205,10
16206,10
16207,15
16208,10
16209,10
16210,9
16211,4
16212,8
16213,6
16214,10
16215,9
16216,10
16217,11
16218,6
16219,9
16220,17
16221,17
16222,8
16223,11
16224,15
16225,10
16226,11
16227,8
16228,7
16229,9
16230,11
16231,7
16232,7
16233,10
16234,9
16235,7
16236,6
16237,7
16238,10
16239,12
16240,7
16241,9
16242,11
16243,10
16244,8
16245,11
16246,11
16247,11
16248,12
16249,8
16250,10
16251,11
16252,10
16253,9
16254,12
16255,10
16256,11
16257,5
16258,12
16259,6
16260,15
16261,7
16262,10
16263,10
16264,17
16265,11
16266,12
16267,8
16268,10
16269,17
16270,9
16271,11
16272,8
16273,10
16274,10
16275,10
16276,11
16277,10
16278,11
16279,7
16280,11
16281,9
16282,11
16283,11
16284,7
16285,8
16286,10
16287,9
16288,7
16289,13
16290,8
16291,11
16292,10
16293,11
16294,6
16295,10
16296,11
16297,11
16298,7
16299,8
16300,9
16301,11
16302,12
16303,10
16304,9
16305,4
16306,6
16307,10
16308,11
16309,7
16310,7
16311,7
16312,7
16313,9
16314,8
16315,10
16316,16
16317,4
16318,9
16319,12
16320,8
16321,10
16322,9
16323,7
16324,10
16325,5
16326,10
16327,10
16328,9
16329,9
16330,14
16331,11
16332,11
16333,9
16334,10
16335,10
16336,6
16337,8
16338,11
16339,7
16340,11
16341,5
16342,12
16343,11
16344,9
16345,11
16346,9
16347,10
16348,10
16349,9
16350,9
16351,10
16352,10
16353,10
16354,10
16355,11
16356,11
16357,11
16358,10
16359,12
16360,10
16361,14
16362,9
16363,8
16364,9
16365,10
16366,14
16367,11
16368,12
16369,11
16370,6
16371,10
16372,10
16373,10
16374,14
16375,9
16376,9
16377,11
16378,6
16379,13
16380,6
16381,9
16382,14
16383,7
16384,6
16385,5
16386,5
16387,9
16388,8
16389,9
16390,12
16391,7
16392,9
16393,8
16394,6
16395,9
16396,15
16397,7
16398,12
16399,14
16400,8
16401,11
16402,9
16403,11
16404,11
16405,10
16406,11
16407,9
16408,4
16409,10
16410,10
16411,9
16412,12
16413,11
16414,14
16415,8
16416,9
16417,12
16418,7
16419,7
16420,11
16421,16
16422,9
16423,11
16424,11
16425,9
16426,6
16427,12
16428,6
16429,9
16430,5
16431,11
16432,11
16433,8
16434,8
16435,10
16436,11
16437,11
16438,11
16439,9
16440,6
16441,9
16442,11
16443,11
16444,12
16445,14
16446,11
16447,11
16448,8
16449,9
16450,10
16451,8
16452,10
16453,11
16454,5
16455,10
16456,7
16457,5
16458,9
16459,9
16460,6
16461,8
16462,12
16463,13
16464,11
16465,12
16466,11
16467,6
16468,9
16469,13
16470,17
16471,10
16472,10
16473,9
16474,8
16475,12
16476,10
16477,10
16478,11
16479,12
16480,11
16481,6
16482,10
16483,9
16484,7
16485,11
16486,10
16487,8
16488,8
16489,9
16490,10
16491,10
16492,5
16493,8
16494,11
16495,7
16496,11
16497,11
16498,10
16499,10
16500,11
16501,10
16502,10
16503,14
16504,11
16505,10
16506,9
16507,12
16508,8
16509,14
16510,6
16511,10
16512,10
16513,9
16514,6
16515,17
16516,9
16517,8
16518,11
16519,9
16520,10
16521,9
16522,9
16523,15
16524,6
16525,10
16526,10
16527,11
16528,18
16529,10
16530,12
16531,12
16532,9
16533,11
16534,14
16535,10
16536,11
16537,5
16538,12
16539,10
16540,10
16541,10
16542,17
16543,14
16544,10
16545,11
16546,9
16547,11
16548,8
16549,9
16550,11
16551,9
16552,7
16553,15
16554,5
16555,13
16556,15
16557,10
16558,11
16559,7
16560,9
16561,9
16562,9
16563,10
16564,8
16565,8
16566,10
16567,8
16568,9
16569,11
16570,10
16571,8
16572,8
16573,11
16574,9
16575,6
16576,11
16577,9
16578,8
16579,10
16580,11
16581,9
16582,11
16583,7
16584,12
16585,9
16586,11
16587,5
16588,9
16589,11
16590,15
16591,6
16592,7
16593,10
16594,10
16595,10
16596,7
16597,9
16598,9
16599,9
16600,9
16601,7
16602,10
16603,7
16604,10
16605,8
16606,10
16607,11
16608,12
16609,13
16610,10
16611,9
16612,9
16613,13
16614,11
16615,12
16616,10
16617,7
16618,14
16619,11
16620,9
16621,14
16622,6
16623,6
16624,9
16625,10
16626,9
16627,5
16628,15
16629,11
16630,10
16631,6
16632,13
16633,11
16634,9
16635,6
16636,9
16637,14
16638,14
16639,10
16640,12
16641,10
16642,10
16643,8
16644,10
16645,9
16646,9
16647,10
16648,11
16649,14
16650,11
16651,10
16652,14
16653,11
16654,16
16655,11
16656,8
16657,11
16658,10
16659,11
16660,9
16661,5
16662,8
16663,12
16664,12
16665,13
16666,9
16667,13
16668,11
16669,12
16670,11
16671,9
16672,9
16673,12
16674,12
16675,8
16676,7
16677,10
16678,10
16679,11
16680,11
16681,10
16682,10
16683,10
16684,12
16685,10
16686,13
16687,12
16688,9
16689,10
16690,10
16691,16
16692,11
16693,7
16694,12
16695,10
16696,6
16697,11
16698,18
16699,8
16700,9
16701,10
16702,7
16703,9
16704,10
16705,9
16706,7
16707,11
16708,13
16709,11
16710,8
16711,11
16712,9
16713,11
16714,13
16715,6
16716,12
16717,11
16718,10
16719,6
16720,14
16721,12
16722,9
16723,11
16724,11
16725,9
16726,10
16727,12
16728,10
16729,14
16730,10
16731,9
16732,14
16733,11
16734,12
16735,16
16736,14
16737,8
16738,9
16739,7
16740,9
16741,10
16742,11
16743,10
16744,12
16745,10
16746,6
16747,5
16748,8
16749,10
16750,13
16751,6
16752,9
16753,7
16754,9
16755,10
16756,9
16757,8
16758,12
16759,10
16760,6
16761,7
16762,7
16763,9
16764,15
16765,5
16766,10
16767,11
16768,10
16769,12
16770,11
16771,14
16772,10
16773,11
16774,7
16775,10
16776,9
16777,16
16778,10
16779,11
16780,8
16781,9
16782,11
16783,9
16784,11
16785,16
16786,10
16787,10
16788,8
16789,11
16790,13
16791,6
16792,12
16793,10
16794,11
16795,10
16796,10
16797,12
16798,9
16799,10
16800,11
16801,8
16802,10
16803,7
16804,8
16805,9
16806,10
16807,7
16808,8
16809,10
16810,11
16811,8
16812,9
16813,14
16814,10
16815,9
16816,10
16817,11
16818,12
16819,9
16820,11
16821,9
16822,10
16823,6
16824,7
16825,11
16826,10
16827,6
16828,9
16829,9
16830,18
16831,6
16832,8
16833,11
16834,6
16835,9
16836,11
16837,9
16838,18
16839,9
16840,10
16841,8
16842,6
16843,7
16844,11
16845,12
16846,10
16847,13
16848,9
16849,4
16850,15
16851,17
16852,7
16853,10
16854,11
16855,9
16856,9
16857,6
16858,14
16859,10
16860,6
16861,6
16862,11
16863,10
16864,11
16865,7
16866,10
16867,9
16868,4
16869,7
16870,4
16871,4
16872,7
16873,15
16874,9
16875,10
16876,10
16877,8
16878,7
16879,7
16880,9
16881,11
16882,5
16883,6
16884,11
16885,11
16886,11
16887,13
16888,7
16889,16
16890,8
16891,9
16892,11
16893,10
16894,9
16895,12
16896,10
16897,11
16898,10
16899,12
16900,11
16901,9
16902,10
16903,15
16904,11
16905,12
16906,9
16907,4
16908,9
16909,11
16910,8
16911,11
16912,12
16913,8
16914,11
16915,10
16916,10
16917,12
16918,11
16919,9
16920,10
16921,10
16922,11
16923,13
16924,7
16925,6
16926,8
16927,6
16928,10
16929,12
16930,8
16931,9
16932,12
16933,12
16934,13
16935,13
16936,5
16937,8
16938,10
16939,11
16940,11
16941,6
16942,14
16943,8
16944,9
16945,11
16946,6
16947,13
16948,11
16949,14
16950,10
16951,6
16952,5
16953,10
16954,12
16955,11
16956,15
16957,8
16958,5
16959,6
16960,10
16961,12
16962,10
16963,9
16964,10
16965,10
16966,10
16967,4
16968,10
16969,11
16970,9
16971,8
16972,11
16973,10
16974,14
16975,11
16976,12
16977,4
16978,4
16979,13
16980,5
16981,7
16982,14
16983,12
16984,12
16985,10
16986,13
16987,9
16988,7
16989,10
16990,8
16991,5
16992,7
16993,7
16994,11
16995,10
16996,16
16997,11
16998,10
16999,10
17000,10
17001,7
17002,12
17003,7
17004,7
17005,11
17006,13
17007,9
17008,14
17009,11
17010,11
17011,10
17012,9
17013,14
17014,10
17015,5
17016,9
17017,11
17018,11
17019,15
17020,11
17021,7
17022,11
17023,10
17024,8
17025,10
17026,8
17027,11
17028,4
17029,10
17030,10
17031,7
17032,12
17033,7
17034,11
17035,9
17036,9
17037,12
17038,10
17039,4
17040,5
17041,9
17042,8
17043,8
17044,10
17045,10
17046,6
17047,7
17048,8
17049,9
17050,7
17051,9
17052,4
17053,14
17054,10
17055,8
17056,7
17057,7
17058,12
17059,9
17060,10
17061,9
17062,11
17063,8
17064,17
17065,6
17066,13
17067,7
17068,5
17069,7
17070,10
17071,9
17072,8
17073,10
17074,11
17075,11
17076,10
17077,9
17078,17
17079,10
17080,9
17081,11
17082,11
17083,10
17084,9
17085,10
17086,9
17087,10
17088,10
17089,10
17090,11
17091,9
17092,10
17093,10
17094,10
17095,10
17096,10
17097,15
17098,8
17099,11
17100,14
17101,10
17102,11
17103,11
17104,9
17105,11
17106,9
17107,9
17108,10
17109,12
17110,7
17111,10
17112,10
17113,15
17114,12
17115,10
17116,9
17117,13
17118,5
17119,11
17120,8
17121,10
17122,10
17123,12
17124,6
17125,7
17126,12
17127,7
17128,8
17129,10
17130,8
17131,13
17132,7
17133,12
17134,14
17135,6
17136,10
17137,10
17138,8
17139,12
17140,9
17141,8
17142,12
17143,11
17144,13
17145,9
17146,5
17147,10
17148,10
17149,8
17150,10
17151,10
17152,9
17153,10
17154,10
17155,7
17156,8
17157,6
17158,10
17159,7
17160,11
17161,14
17162,8
17163,12
17164,11
17165,14
17166,10
17167,4
17168,6
17169,8
17170,13
17171,15
17172,11
17173,11
17174,8
17175,11
17176,11
17177,11
17178,12
17179,15
17180,10
17181,11
17182,10
17183,7
17184,10
17185,15
17186,6
17187,7
17188,11
17189,9
17190,9
17191,9
17192,14
17193,11
17194,7
17195,10
17196,10
17197,8
17198,11
17199,8
17200,10
17201,5
17202,5
17203,12
17204,10
17205,11
17206,9
17207,10
17208,10
17209,6
17210,9
17211,11
17212,7
17213,13
17214,11
17215,10
17216,7
17217,8
17218,13
17219,11
17220,10
17221,10
17222,11
17223,10
17224,8
17225,5
17226,16
17227,11
17228,10
17229,6
17230,10
17231,9
17232,10
17233,10
17234,4
17235,14
17236,11
17237,10
17238,9
17239,12
17240,11
17241,7
17242,9
17243,10
17244,10
17245,11
17246,8
17247,11
17248,5
17249,13
17250,9
17251,10
17252,11
17253,11
17254,13
17255,10
17256,7
17257,6
17258,8
17259,4
17260,5
17261,5
17262,11
17263,16
17264,6
17265,10
17266,14
17267,10
17268,11
17269,9
17270,6
17271,11
17272,8
17273,11
17274,8
17275,7
17276,12
17277,14
17278,15
17279,12
17280,9
17281,8
17282,7
17283,10
17284,9
17285,12
17286,9
17287,5
17288,11
17289,10
17290,10
17291,10
17292,6
17293,12
17294,10
17295,11
17296,10
17297,7
17298,9
17299,11
17300,5
17301,11
17302,13
17303,8
17304,8
17305,13
17306,10
17307,11
17308,12
17309,10
17310,10
17311,11
17312,5
17313,8
17314,4
17315,6
17316,7
17317,8
17318,9
17319,10
17320,7
17321,12
17322,18
17323,7
17324,12
17325,12
17326,11
17327,4
17328,9
17329,5
17330,7
17331,10
17332,10
17333,10
17334,15
17335,12
17336,14
17337,11
17338,11
17339,7
17340,10
17341,12
17342,4
17343,10
17344,8
17345,11
17346,10
17347,9
17348,10
17349,9
17350,8
17351,8
17352,12
17353,11
17354,12
17355,14
17356,11
17357,13
17358,10
17359,11
17360,9
17361,6
17362,12
17363,14
17364,18
17365,17
17366,10
17367,12
17368,11
17369,14
17370,11
17371,8
17372,9
17373,7
17374,6
17375,7
17376,6
17377,10
17378,10
17379,6
17380,10
17381,10
17382,7
17383,10
17384,9
17385,6
17386,7
17387,10
17388,9
17389,6
17390,9
17391,9
17392,9
17393,10
17394,9
17395,11
17396,10
17397,9
17398,13
17399,9
17400,9
17401,7
17402,8
17403,8
17404,15
17405,7
17406,7
17407,8
17408,16
17409,11
17410,12
17411,13
17412,7
17413,13
17414,4
17415,8
17416,11
17417,10
17418,6
17419,7
17420,10
17421,7
17422,6
17423,10
17424,11
17425,7
17426,10
17427,7
17428,8
17429,6
17430,10
17431,10
17432,11
17433,11
17434,7
17435,11
17436,12
17437,7
17438,11
17439,9
17440,7
17441,10
17442,11
17443,9
17444,8
17445,10
17446,10
17447,6
17448,11
17449,8
17450,13
17451,14
17452,11
17453,10
17454,15
17455,9
17456,12
17457,10
17458,5
17459,10
17460,13
17461,6
17462,10
17463,7
17464,11
17465,7
17466,15
17467,8
17468,7
17469,7
17470,7
17471,10
17472,5
17473,7
17474,10
17475,13
17476,12
17477,9
17478,11
17479,8
17480,10
17481,8
17482,12
17483,13
17484,12
17485,10
17486,6
17487,13
17488,8
17489,11
17490,9
17491,10
17492,14
17493,12
17494,7
17495,10
17496,11
17497,6
17498,8
17499,10
17500,10
17501,9
17502,9
17503,10
17504,13
17505,9
17506,13
17507,10
17508,8
17509,4
17510,11
17511,8
17512,9
17513,9
17514,9
17515,6
17516,7
17517,11
17518,8
17519,7
17520,14
17521,8
17522,6
17523,7
17524,11
17525,7
17526,7
17527,14
17528,11
17529,9
17530,11
17531,8
17532,9
17533,15
17534,12
17535,4
17536,12
17537,12
17538,10
17539,7
17540,13
17541,8
17542,11
17543,11
17544,8
17545,7
17546,7
17547,10
17548,10
17549,9
17550,12
17551,9
17552,11
17553,10
17554,10
17555,9
17556,11
17557,7
17558,12
17559,9
17560,9
17561,11
17562,9
17563,11
17564,11
17565,8
17566,7
17567,13
17568,8
17569,9
17570,7
17571,6
17572,8
17573,8
17574,11
17575,7
17576,8
17577,10
17578,11
17579,6
17580,9
17581,10
17582,10
17583,7
17584,10
17585,10
17586,5
17587,9
17588,12
17589,4
17590,11
17591,10
17592,10
17593,5
17594,15
17595,8
17596,9
17597,7
17598,9
17599,11
17600,15
17601,7
17602,11
17603,7
17604,9
17605,11
17606,10
17607,11
17608,10
17609,11
17610,6
17611,5
17612,9
17613,8
17614,10
17615,14
17616,11
17617,4
17618,15
17619,19
17620,9
17621,9
17622,5
17623,9
17624,6
17625,10
17626,10
17627,9
17628,9
17629,10
17630,10
17631,11
17632,10
17633,10
17634,11
17635,7
17636,7
17637,11
17638,8
17639,11
17640,13
17641,6
17642,11
17643,9
17644,16
17645,9
17646,7
17647,8
17648,9
17649,9
17650,6
17651,13
17652,11
17653,8
17654,12
17655,8
17656,12
17657,12
17658,12
17659,10
17660,14
17661,6
17662,15
17663,17
17664,5
17665,14
17666,14
17667,10
17668,12
17669,11
17670,10
17671,12
17672,11
17673,7
17674,7
17675,7
17676,8
17677,5
17678,14
17679,11
17680,7
17681,12
17682,10
17683,9
17684,10
17685,15
17686,7
17687,7
17688,12
17689,10
17690,9
17691,7
17692,9
17693,11
17694,12
17695,10
17696,6
17697,10
17698,11
17699,5
17700,12
17701,8
17702,12
17703,5
17704,10
17705,10
17706,11
17707,11
17708,5
17709,10
17710,6
17711,9
17712,14
17713,10
17714,14
17715,9
17716,10
17717,9
17718,9
17719,10
17720,12
17721,11
17722,13
17723,10
17724,8
17725,12
17726,9
17727,10
17728,9
17729,9
17730,17
17731,4
17732,8
17733,11
17734,10
17735,11
17736,10
17737,13
17738,8
17739,13
17740,11
17741,8
17742,7
17743,12
17744,7
17745,7
17746,6
17747,13
17748,14
17749,10
17750,9
17751,10
17752,11
17753,9
17754,11
17755,8
17756,11
17757,10
17758,12
17759,11
17760,11
17761,10
17762,9
17763,7
17764,10
17765,17
17766,11
17767,8
17768,10
17769,7
17770,11
17771,9
17772,15
17773,8
17774,10
17775,12
17776,8
17777,10
17778,12
17779,7
17780,10
17781,7
17782,9
17783,9
17784,8
17785,14
17786,10
17787,11
17788,6
17789,7
17790,12
17791,11
17792,7
17793,7
17794,8
17795,11
17796,8
17797,7
17798,11
17799,10
17800,8
17801,7
17802,10
17803,7
17804,7
17805,12
17806,10
17807,11
17808,8
17809,7
17810,13
17811,7
17812,8
17813,12
17814,10
17815,7
17816,10
17817,6
17818,9
17819,13
17820,11
17821,8
17822,12
17823,10
17824,5
17825,7
17826,9
17827,11
17828,8
17829,9
17830,10
17831,10
17832,13
17833,11
17834,8
17835,8
17836,12
17837,7
17838,10
17839,10
17840,8
17841,11
17842,6
17843,11
17844,5
17845,11
17846,9
17847,12
17848,12
17849,7
17850,7
17851,8
17852,6
17853,6
17854,10
17855,9
17856,8
17857,7
17858,11
17859,10
17860,14
17861,10
17862,7
17863,9
17864,8
17865,6
17866,9
17867,15
17868,10
17869,9
17870,16
17871,5
17872,10
17873,10
17874,16
17875,9
17876,6
17877,11
17878,13
17879,6
17880,10
17881,6
17882,15
17883,8
17884,10
17885,12
17886,13
17887,9
17888,16
17889,7
17890,9
17891,9
17892,10
17893,15
17894,14
17895,10
17896,14
17897,10
17898,7
17899,14
17900,11
17901,7
17902,10
17903,11
17904,11
17905,11
17906,6
17907,7
17908,13
17909,10
17910,11
17911,12
17912,16
17913,14
17914,11
17915,10
17916,9
17917,4
17918,7
17919,10
17920,14
17921,6
17922,10
17923,12
17924,12
17925,11
17926,9
17927,9
17928,11
17929,7
17930,11
17931,13
17932,9
17933,12
17934,11
17935,12
17936,11
17937,7
17938,9
17939,9
17940,10
17941,9
17942,7
17943,7
17944,10
17945,11
17946,8
17947,10
17948,10
17949,14
17950,9
17951,8
17952,12
17953,10
17954,7
17955,8
17956,9
17957,10
17958,9
17959,10
17960,10
17961,11
17962,10
17963,10
17964,6
17965,10
17966,11
17967,10
17968,13
17969,18
17970,11
17971,10
17972,12
17973,17
17974,11
17975,7
17976,11
17977,7
17978,11
17979,7
17980,9
17981,10
17982,13
17983,10
17984,10
17985,9
17986,12
17987,7
17988,10
17989,10
17990,9
17991,11
17992,5
17993,10
17994,10
17995,11
17996,9
17997,9
17998,10
17999,11
18000,11
18001,6
18002,12
18003,9
18004,10
18005,7
18006,8
18007,9
18008,13
18009,12
18010,10
18011,10
18012,10
18013,11
18014,11
18015,8
18016,15
18017,10
18018,7
18019,13
18020,15
18021,12
18022,11
18023,9
18024,10
18025,13
18026,11
18027,6
18028,7
18029,9
18030,14
18031,15
18032,7
18033,11
18034,9
18035,7
18036,9
18037,15
18038,9
18039,10
18040,7
18041,9
18042,10
18043,11
18044,13
18045,10
18046,11
18047,8
18048,7
18049,10
18050,9
18051,9
18052,8
18053,15
18054,8
18055,12
18056,12
18057,9
18058,8
18059,16
18060,10
18061,10
18062,7
18063,14
18064,8
18065,7
18066,16
18067,8
18068,9
18069,10
18070,10
18071,12
18072,11
18073,6
18074,11
18075,7
18076,11
18077,8
18078,13
18079,9
18080,11
18081,8
18082,8
18083,14
18084,10
18085,13
18086,9
18087,7
18088,7
18089,9
18090,9
18091,4
18092,11
18093,15
18094,12
18095,16
18096,10
18097,10
18098,10
18099,10
18100,9
18101,10
18102,9
18103,8
18104,7
18105,7
18106,12
18107,11
18108,19
18109,10
18110,12
18111,7
18112,5
18113,6
18114,11
18115,12
18116,11
18117,10
18118,10
18119,9
18120,13
18121,13
18122,7
18123,10
18124,14
18125,12
18126,9
18127,11
18128,12
18129,11
18130,7
18131,11
18132,10
18133,14
18134,12
18135,6
18136,13
18137,9
18138,12
18139,5
18140,10
18141,11
18142,9
18143,9
18144,6
18145,7
18146,11
18147,11
18148,12
18149,11
18150,11
18151,9
18152,9
18153,11
18154,7
18155,9
18156,12
18157,11
18158,11
18159,10
18160,8
18161,9
18162,10
18163,10
18164,8
18165,9
18166,6
18167,10
18168,10
18169,13
18170,14
18171,9
18172,10
18173,9
18174,5
18175,15
18176,13
18177,9
18178,12
18179,12
18180,11
18181,10
18182,10
18183,6
18184,9
18185,10
18186,4
18187,8
18188,7
18189,11
18190,8
18191,7
18192,9
18193,16
18194,8
18195,9
18196,10
18197,5
18198,5
18199,9
18200,14
18201,11
18202,10
18203,11
18204,5
18205,9
18206,18
18207,11
18208,7
18209,7
18210,12
18211,11
18212,13
18213,10
18214,10
18215,12
18216,10
18217,11
18218,11
18219,13
18220,16
18221,10
18222,10
18223,12
18224,6
18225,10
18226,16
18227,9
18228,7
18229,7
18230,7
18231,8
18232,9
18233,7
18234,8
18235,15
18236,10
18237,13
18238,13
18239,11
18240,8
18241,7
18242,15
18243,10
18244,9
18245,12
18246,11
18247,11
18248,9
18249,8
18250,10
18251,10
18252,8
18253,7
18254,12
18255,11
18256,11
18257,9
18258,9
18259,14
18260,9
18261,9
18262,7
18263,9
18264,13
18265,7
18266,11
18267,11
18268,11
18269,15
18270,10
18271,6
18272,15
18273,9
18274,11
18275,8
18276,11
18277,9
18278,8
18279,13
18280,6
18281,11
18282,8
18283,9
18284,10
18285,12
18286,9
18287,9
18288,8
18289,11
18290,10
18291,11
18292,10
18293,8
18294,11
18295,8
18296,10
18297,7
18298,9
18299,7
18300,8
18301,6
18302,10
18303,11
18304,9
18305,11
18306,12
18307,10
18308,11
18309,10
18310,8
18311,13
18312,9
18313,7
18314,11
18315,10
18316,16
18317,9
18318,6
18319,7
18320,10
18321,6
18322,6
18323,10
18324,4
18325,10
18326,9
18327,10
18328,10
18329,9
18330,9
18331,6
18332,7
18333,9
18334,10
18335,10
18336,10
18337,6
18338,15
18339,7
18340,8
18341,10
18342,13
18343,7
18344,7
18345,11
18346,8
18347,9
18348,7
18349,12
18350,10
18351,11
18352,12
18353,11
18354,10
18355,10
18356,9
18357,11
18358,12
18359,9
18360,9
18361,7
18362,8
18363,10
18364,15
18365,11
18366,8
18367,4
18368,9
18369,7
18370,9
18371,10
18372,11
18373,8
18374,10
18375,10
18376,5
18377,10
18378,7
18379,9
18380,8
18381,14
18382,9
18383,10
18384,11
18385,7
18386,12
18387,7
18388,7
18389,10
18390,11
18391,11
18392,9
18393,14
18394,8
18395,9
18396,4
18397,7
18398,14
18399,9
18400,7
18401,9
18402,9
18403,11
18404,11
18405,8
18406,11
18407,7
18408,11
18409,6
18410,16
18411,11
18412,4
18413,11
18414,8
18415,12
18416,6
18417,10
18418,10
18419,9
18420,7
18421,13
18422,15
18423,5
18424,11
18425,11
18426,9
18427,10
18428,6
18429,11
18430,9
18431,11
18432,6
18433,9
18434,10
18435,7
18436,13
18437,13
18438,9
18439,12
18440,11
18441,12
18442,10
18443,8
18444,8
18445,11
18446,10
18447,10
18448,9
18449,9
18450,16
18451,5
18452,11
18453,15
18454,7
18455,11
18456,9
18457,8
18458,11
18459,9
18460,12
18461,9
18462,10
18463,13
18464,10
18465,11
18466,10
18467,10
18468,9
18469,15
18470,10
18471,7
18472,12
18473,13
18474,10
18475,9
18476,7
18477,10
18478,11
18479,8
18480,8
18481,6
18482,12
18483,14
18484,9
18485,7
18486,12
18487,7
18488,11
18489,12
18490,8
18491,8
18492,10
18493,13
18494,11
18495,10
18496,6
18497,9
18498,8
18499,13
18500,11
18501,10
18502,10
18503,10
18504,11
18505,12
18506,10
18507,5
18508,10
18509,8
18510,11
18511,16
18512,6
18513,10
18514,10
18515,10
18516,7
18517,8
18518,11
18519,12
18520,11
18521,8
18522,11
18523,12
18524,8
18525,12
18526,11
18527,5
18528,5
18529,10
18530,9
18531,11
18532,7
18533,9
18534,12
18535,15
18536,12
18537,10
18538,12
18539,10
18540,11
18541,11
18542,11
18543,7
18544,10
18545,9
18546,11
18547,10
18548,9
18549,11
18550,11
18551,10
18552,10
18553,14
18554,9
18555,10
18556,8
18557,12
18558,7
18559,12
18560,10
18561,10
18562,12
18563,7
18564,9
18565,9
18566,12
18567,14
18568,8
18569,12
18570,7
18571,6
18572,11
18573,10
18574,12
18575,7
18576,9
18577,10
18578,11
18579,9
18580,9
18581,11
18582,10
18583,12
18584,8
18585,11
18586,11
18587,7
18588,7
18589,10
18590,10
18591,8
18592,8
18593,11
18594,10
18595,13
18596,11
18597,11
18598,9
18599,9
18600,4
18601,12
18602,10
18603,11
18604,10
18605,11
18606,10
18607,7
18608,12
18609,14
18610,9
18611,10
18612,6
18613,8
18614,11
18615,10
18616,13
18617,7
18618,11
18619,10
18620,10
18621,10
18622,10
18623,8
18624,10
18625,7
18626,16
18627,8
18628,14
18629,4
18630,10
18631,10
18632,11
18633,10
18634,12
18635,10
18636,15
18637,10
18638,11
18639,7
18640,6
18641,10
18642,10
18643,9
18644,10
18645,11
18646,9
18647,10
18648,10
18649,6
18650,15
18651,11
18652,11
18653,7
18654,10
18655,12
18656,10
18657,10
18658,12
18659,10
18660,11
18661,5
18662,10
18663,14
18664,11
18665,7
18666,10
18667,7
18668,10
18669,8
18670,12
18671,9
18672,8
18673,9
18674,9
18675,11
18676,11
18677,8
18678,10
18679,7
18680,8
18681,10
18682,14
18683,6
18684,11
18685,12
18686,10
18687,8
18688,10
18689,12
18690,11
18691,10
18692,8
18693,6
18694,9
18695,10
18696,12
18697,6
18698,10
18699,9
18700,15
18701,10
18702,11
18703,6
18704,11
18705,9
18706,11
18707,10
18708,14
18709,9
18710,15
18711,14
18712,11
18713,4
18714,14
18715,10
18716,13
18717,8
18718,9
18719,16
18720,12
18721,12
18722,6
18723,7
18724,13
18725,13
18726,10
18727,8
18728,8
18729,9
18730,9
18731,12
18732,6
18733,8
18734,9
18735,11
18736,11
18737,10
18738,11
18739,11
18740,10
18741,9
18742,12
18743,10
18744,8
18745,10
18746,14
18747,11
18748,10
18749,5
18750,9
18751,7
18752,12
18753,9
18754,10
18755,10
18756,11
18757,8
18758,12
18759,15
18760,6
18761,9
18762,10
18763,10
18764,10
18765,4
18766,11
18767,9
18768,10
18769,10
18770,11
18771,11
18772,10
18773,10
18774,11
18775,6
18776,11
18777,9
18778,9
18779,9
18780,6
18781,9
18782,14
18783,10
18784,14
18785,8
18786,9
18787,7
18788,9
18789,10
18790,8
18791,10
18792,7
18793,9
18794,14
18795,12
18796,10
18797,10
18798,9
18799,9
18800,11
18801,11
18802,12
18803,11
18804,10
18805,10
18806,13
18807,10
18808,7
18809,11
18810,5
18811,10
18812,11
18813,6
18814,10
18815,12
18816,4
18817,12
18818,12
18819,8
18820,12
18821,11
18822,12
18823,10
18824,10
18825,8
18826,8
18827,9
18828,9
18829,9
18830,10
18831,6
18832,10
18833,5
18834,10
18835,7
18836,10
18837,9
18838,11
18839,11
18840,7
18841,8
18842,11
18843,12
18844,10
18845,4
18846,10
18847,10
18848,9
18849,9
18850,9
18851,12
18852,11
18853,12
18854,9
18855,10
18856,15
18857,12
18858,11
18859,16
18860,12
18861,10
18862,10
18863,10
18864,10
18865,11
18866,9
18867,9
18868,6
18869,11
18870,14
18871,5
18872,5
18873,10
18874,11
18875,11
18876,7
18877,12
18878,11
18879,12
18880,7
18881,10
18882,10
18883,10
18884,7
18885,11
18886,7
18887,8
18888,10
18889,4
18890,7
18891,8
18892,10
18893,12
18894,9
18895,11
18896,11
18897,11
18898,9
18899,10
18900,13
18901,13
18902,12
18903,10
18904,11
18905,11
18906,9
18907,13
18908,4
18909,13
18910,10
18911,9
18912,8
18913,10
18914,12
18915,8
18916,9
18917,11
18918,12
18919,7
18920,7
18921,11
18922,12
18923,8
18924,11
18925,9
18926,11
18927,8
18928,11
18929,11
18930,12
18931,7
18932,9
18933,13
18934,14
18935,9
18936,6
18937,10
18938,9
18939,10
18940,16
18941,10
18942,10
18943,10
18944,10
18945,11
18946,10
18947,11
18948,6
18949,11
18950,10
18951,7
18952,9
18953,11
18954,11
18955,15
18956,9
18957,9
18958,10
18959,4
18960,11
18961,4
18962,10
18963,10
18964,4
18965,10
18966,16
18967,10
18968,11
18969,9
18970,11
18971,11
18972,8
18973,10
18974,4
18975,15
18976,7
18977,10
18978,11
18979,10
18980,12
18981,11
18982,7
18983,11
18984,12
18985,9
18986,11
18987,9
18988,10
18989,5
18990,8
18991,13
18992,7
18993,13
18994,10
18995,12
18996,8
18997,5
18998,10
18999,11
19000,7
19001,9
19002,8
19003,7
19004,10
19005,9
19006,5
19007,10
19008,11
19009,8
19010,12
19011,9
19012,12
19013,13
19014,9
19015,11
19016,8
19017,7
19018,10
19019,14
19020,10
19021,11
19022,10
19023,8
19024,6
19025,11
19026,10
19027,12
19028,14
19029,12
19030,10
19031,7
19032,9
19033,11
19034,15
19035,13
19036,11
19037,11
19038,7
19039,10
19040,6
19041,9
19042,9
19043,10
19044,8
19045,14
19046,12
19047,13
19048,13
19049,9
19050,7
19051,5
19052,9
19053,10
19054,10
19055,9
19056,10
19057,12
19058,11
19059,7
19060,10
19061,10
19062,5
19063,10
19064,7
19065,9
19066,11
19067,10
19068,13
19069,7
19070,11
19071,11
19072,16
19073,7
19074,6
19075,10
19076,8
19077,14
19078,5
19079,10
19080,8
19081,10
19082,10
19083,6
19084,12
19085,9
19086,9
19087,15
19088,11
19089,12
19090,17
19091,10
19092,9
19093,9
19094,4
19095,7
19096,7
19097,11
19098,10
19099,9
19100,8
19101,9
19102,10
19103,11
19104,12
19105,12
19106,14
19107,11
19108,7
19109,12
19110,7
19111,10
19112,9
19113,9
19114,11
19115,8
19116,11
19117,10
19118,10
19119,10
19120,10
19121,7
19122,9
19123,9
19124,9
19125,11
19126,14
19127,10
19128,12
19129,10
19130,9
19131,11
19132,11
19133,10
19134,6
19135,11
19136,9
19137,10
19138,9
19139,9
19140,10
19141,9
19142,9
19143,11
19144,6
19145,11
19146,13
19147,7
19148,8
19149,10
19150,9
19151,19
19152,11
19153,12
19154,10
19155,11
19156,7
19157,14
19158,15
19159,11
19160,10
19161,8
19162,13
19163,7
19164,7
19165,7
19166,14
19167,10
19168,10
19169,10
19170,11
19171,6
19172,9
19173,11
19174,10
19175,11
19176,11
19177,11
19178,9
19179,10
19180,10
19181,12
19182,8
19183,12
19184,12
19185,12
19186,14
19187,9
19188,8
19189,8
19190,10
19191,12
19192,11
19193,16
19194,11
19195,9
19196,11
19197,6
19198,12
19199,10
19200,10
19201,10
19202,9
19203,12
19204,7
19205,12
19206,12
19207,10
19208,9
19209,12
19210,10
19211,12
19212,15
19213,7
19214,11
19215,11
19216,12
19217,15
19218,9
19219,9
19220,8
19221,9
19222,11
19223,10
19224,11
19225,7
19226,10
19227,16
19228,7
19229,10
19230,11
19231,13
19232,6
19233,10
19234,7
19235,9
19236,12
19237,7
19238,10
19239,7
19240,10
19241,10
19242,12
19243,7
19244,6
19245,9
19246,16
19247,10
19248,9
19249,5
19250,7
19251,10
19252,9
19253,9
19254,8
19255,11
19256,8
19257,14
19258,10
19259,11
19260,10
19261,10
19262,8
19263,9
19264,10
19265,10
19266,8
19267,10
19268,11
19269,7
19270,10
19271,14
19272,11
19273,9
19274,9
19275,7
19276,10
19277,10
19278,8
19279,10
19280,7
19281,14
19282,12
19283,10
19284,7
19285,12
19286,6
19287,9
19288,9
19289,13
19290,10
19291,13
19292,9
19293,5
19294,10
19295,8
19296,10
19297,16
19298,7
19299,11
19300,8
19301,7
19302,15
19303,10
19304,8
19305,10
19306,10
19307,13
19308,14
19309,10
19310,7
19311,11
19312,17
19313,13
19314,5
19315,10
19316,7
19317,8
19318,9
19319,8
19320,15
19321,11
19322,14
19323,15
19324,11
19325,11
19326,11
19327,11
19328,10
19329,8
19330,13
19331,7
19332,9
19333,6
19334,10
19335,12
19336,7
19337,10
19338,11
19339,10
19340,4
19341,13
19342,17
19343,7
19344,6
19345,11
19346,8
19347,11
19348,13
19349,10
19350,8
19351,11
19352,11
19353,5
19354,10
19355,9
19356,10
19357,9
19358,18
19359,11
19360,12
19361,12
19362,11
19363,4
19364,10
19365,11
19366,13
19367,10
19368,11
19369,7
19370,10
19371,10
19372,14
19373,11
19374,8
19375,11
19376,12
19377,11
19378,9
19379,9
19380,15
19381,5
19382,11
19383,12
19384,13
19385,12
19386,8
19387,13
19388,10
19389,10
19390,6
19391,10
19392,10
19393,8
19394,10
19395,11
19396,10
19397,5
19398,9
19399,9
19400,9
19401,6
19402,10
19403,13
19404,10
19405,11
19406,6
19407,10
19408,14
19409,11
19410,12
19411,9
19412,12
19413,12
19414,10
19415,11
19416,11
19417,6
19418,10
19419,5
19420,5
19421,5
19422,15
19423,11
19424,9
19425,12
19426,11
19427,8
19428,11
19429,10
19430,8
19431,11
19432,13
19433,6
19434,11
19435,4
19436,9
19437,10
19438,14
19439,10
19440,9
19441,7
19442,11
19443,12
19444,10
19445,10
19446,14
19447,9
19448,10
19449,7
19450,12
19451,7
19452,10
19453,8
19454,10
19455,9
19456,10
19457,7
19458,10
19459,8
19460,9
19461,5
19462,10
19463,9
19464,12
19465,10
19466,9
19467,7
19468,10
19469,9
19470,7
19471,10
19472,8
19473,13
19474,10
19475,12
19476,5
19477,8
19478,12
19479,10
19480,8
19481,5
19482,11
19483,10
19484,11
19485,9
19486,8
19487,6
19488,10
19489,10
19490,10
19491,13
19492,10
19493,9
19494,13
19495,12
19496,9
19497,7
19498,8
19499,7
19500,5
19501,8
19502,6
19503,14
19504,8
19505,13
19506,18
19507,8
19508,9
19509,9
19510,7
19511,7
19512,5
19513,11
19514,11
19515,6
19516,7
19517,8
19518,10
19519,9
19520,4
19521,10
19522,11
19523,12
19524,10
19525,8
19526,11
19527,8
19528,10
19529,7
19530,5
19531,11
19532,7
19533,13
19534,8
19535,7
19536,7
19537,5
19538,12
19539,5
19540,14
19541,12
19542,13
19543,14
19544,9
19545,11
19546,10
19547,4
19548,11
19549,8
19550,7
19551,12
19552,11
19553,9
19554,11
19555,7
19556,10
19557,11
19558,8
19559,10
19560,8
19561,8
19562,14
19563,13
19564,11
19565,7
19566,7
19567,10
19568,11
19569,11
19570,10
19571,9
19572,10
19573,13
19574,14
19575,10
19576,11
19577,7
19578,7
19579,13
19580,8
19581,10
19582,17
19583,7
19584,10
19585,10
19586,11
19587,6
19588,7
19589,11
19590,5
19591,12
19592,9
19593,7
19594,9
19595,9
19596,11
19597,7
19598,9
19599,9
19600,5
19601,7
19602,10
19603,10
19604,4
19605,7
19606,6
19607,11
19608,9
19609,17
19610,10
19611,12
19612,8
19613,5
19614,10
19615,6
19616,15
19617,10
19618,7
19619,10
19620,11
19621,7
19622,7
19623,12
19624,7
19625,9
19626,11
19627,10
19628,10
19629,10
19630,11
19631,13
19632,15
19633,15
19634,11
19635,12
19636,11
19637,6
19638,10
19639,7
19640,12
19641,11
19642,6
19643,11
19644,8
19645,13
19646,7
19647,9
19648,4
19649,12
19650,8
19651,4
19652,11
19653,15
19654,9
19655,11
19656,6
19657,11
19658,9
19659,6
19660,12
19661,9
19662,12
19663,4
19664,11
19665,11
19666,6
19667,14
19668,10
19669,10
19670,15
19671,10
19672,7
19673,6
19674,9
19675,9
19676,10
19677,9
19678,10
19679,10
19680,14
19681,10
19682,10
19683,7
19684,9
19685,10
19686,11
19687,13
19688,12
19689,9
19690,14
19691,9
19692,11
19693,10
19694,8
19695,9
19696,10
19697,8
19698,9
19699,9
19700,7
19701,10
19702,9
19703,11
19704,9
19705,9
19706,9
19707,13
19708,7
19709,9
19710,12
19711,7
19712,11
19713,9
19714,10
19715,10
19716,10
19717,10
19718,10
19719,12
19720,7
19721,10
19722,12
19723,11
19724,7
19725,11
19726,10
19727,10
19728,11
19729,8
19730,9
19731,10
19732,11
19733,10
19734,10
19735,9
19736,11
19737,11
19738,12
19739,7
19740,9
19741,16
19742,11
19743,8
19744,9
19745,6
19746,9
19747,8
19748,9
19749,12
19750,10
19751,6
19752,14
19753,5
19754,11
19755,13
19756,18
19757,10
19758,12
19759,10
19760,4
19761,9
19762,9
19763,10
19764,4
19765,14
19766,7
19767,7
19768,11
19769,9
19770,9
19771,12
19772,12
19773,10
19774,11
19775,8
19776,8
19777,5
19778,5
19779,10
19780,9
19781,10
19782,10
19783,11
19784,13
19785,11
19786,10
19787,11
19788,10
19789,9
19790,13
19791,15
19792,8
19793,9
19794,10
19795,7
19796,10
19797,7
19798,10
19799,10
19800,9
19801,5
19802,8
19803,10
19804,12
19805,9
19806,12
19807,11
19808,7
19809,7
19810,7
19811,5
19812,11
19813,5
19814,8
19815,10
19816,9
19817,11
19818,11
19819,9
19820,9
19821,13
19822,12
19823,8
19824,8
19825,9
19826,9
19827,11
19828,8
19829,7
19830,10
19831,8
19832,6
19833,5
19834,13
19835,8
19836,8
19837,8
19838,6
19839,7
19840,7
19841,15
19842,10
19843,11
19844,11
19845,9
19846,9
19847,14
19848,10
19849,8
19850,10
19851,10
19852,6
19853,11
19854,10
19855,6
19856,11
19857,10
19858,12
19859,9
19860,7
19861,11
19862,12
19863,5
19864,12
19865,9
19866,9
19867,15
19868,8
19869,10
19870,11
19871,7
19872,9
19873,7
19874,7
19875,13
19876,6
19877,11
19878,9
19879,12
19880,13
19881,9
19882,12
19883,14
19884,8
19885,10
19886,10
19887,10
19888,11
19889,8
19890,6
19891,9
19892,10
19893,11
19894,9
19895,10
19896,10
19897,7
19898,11
19899,7
19900,7
19901,10
19902,10
19903,7
19904,10
19905,8
19906,9
19907,8
19908,9
19909,12
19910,11
19911,10
19912,6
19913,10
19914,11
19915,11
19916,9
19917,11
19918,14
19919,11
19920,8
19921,10
19922,6
19923,6
19924,10
19925,9
19926,11
19927,7
19928,11
19929,8
19930,10
19931,13
19932,9
19933,9
19934,11
19935,11
19936,15
19937,13
19938,10
19939,11
19940,7
19941,11
19942,11
19943,10
19944,14
19945,10
19946,13
19947,11
19948,10
19949,8
19950,7
19951,8
19952,11
19953,11
19954,13
19955,14
19956,9
19957,12
19958,8
19959,12
19960,17
19961,10
19962,8
19963,11
19964,14
19965,11
19966,12
19967,7
19968,8
19969,10
19970,8
19971,10
19972,7
19973,7
19974,9
19975,10
19976,13
19977,7
19978,10
19979,4
19980,10
19981,9
19982,13
19983,11
19984,11
19985,10
19986,10
19987,10
19988,14
19989,9
19990,11
19991,6
19992,11
19993,16
19994,8
19995,9
19996,12
19997,9
19998,9
19999,17
20000,10
20001,11
20002,5
20003,8
20004,16
20005,9
20006,9
20007,9
20008,8
20009,8
20010,12
20011,11
20012,10
20013,10
20014,12
20015,10
20016,11
20017,7
20018,11
20019,12
20020,13
20021,10
20022,12
20023,7
20024,11
20025,7
20026,12
20027,8
20028,11
20029,10
20030,11
20031,9
20032,11
20033,11
20034,9
20035,11
20036,9
20037,9
20038,11
20039,9
20040,11
20041,9
20042,11
20043,9
20044,12
20045,10
20046,14
20047,9
20048,16
20049,7
20050,14
20051,8
20052,11
20053,11
20054,7
20055,6
20056,11
20057,12
20058,11
20059,6
20060,11
20061,10
20062,9
20063,10
20064,13
20065,5
20066,10
20067,10
20068,12
20069,9
20070,13
20071,8
20072,16
20073,7
20074,7
20075,9
20076,11
20077,11
20078,7
20079,7
20080,11
20081,5
20082,10
20083,11
20084,11
20085,5
20086,8
20087,11
20088,10
20089,6
20090,17
20091,9
20092,7
20093,9
20094,10
20095,11
20096,8
20097,9
20098,10
20099,8
20100,14
20101,12
20102,8
20103,12
20104,12
20105,9
20106,12
20107,7
20108,10
20109,14
20110,12
20111,10
20112,12
20113,13
20114,12
20115,11
20116,7
20117,6
20118,7
20119,10
20120,8
20121,8
20122,12
20123,9
20124,10
20125,11
20126,6
20127,15
20128,14
20129,10
20130,9
20131,10
20132,12
20133,14
20134,11
20135,12
20136,9
20137,10
20138,11
20139,10
20140,10
20141,10
20142,12
20143,9
20144,10
20145,11
20146,10
20147,10
20148,10
20149,9
20150,10
20151,5
20152,12
20153,10
20154,11
20155,11
20156,17
20157,5
20158,10
20159,7
20160,12
20161,10
20162,11
20163,7
20164,9
20165,10
20166,10
20167,5
20168,12
20169,9
20170,9
20171,10
20172,12
20173,6
20174,8
20175,9
20176,10
20177,10
20178,10
20179,9
20180,12
20181,14
20182,15
20183,4
20184,10
20185,8
20186,12
20187,16
20188,4
20189,11
20190,15
20191,7
20192,11
20193,10
20194,9
20195,8
20196,9
20197,6
20198,9
20199,13
20200,11
20201,11
20202,8
20203,9
20204,6
20205,4
20206,10
20207,12
20208,10
20209,11
20210,14
20211,12
20212,12
20213,11
20214,10
20215,7
20216,7
20217,11
20218,7
20219,11
20220,10
20221,9
20222,9
20223,11
20224,12
20225,11
20226,4
20227,4
20228,11
20229,7
20230,10
20231,11
20232,11
20233,10
20234,13
20235,5
20236,7
20237,11
20238,11
20239,10
20240,11
20241,8
20242,10
20243,4
20244,5
20245,10
20246,8
20247,10
20248,6
20249,10
20250,8
20251,10
20252,12
20253,7
20254,13
20255,11
20256,18
20257,14
20258,11
20259,12
20260,12
20261,8
20262,14
20263,11
20264,12
20265,11
20266,9
20267,10
20268,11
20269,6
20270,11
20271,11
20272,10
20273,5
20274,6
20275,10
20276,10
20277,10
20278,12
20279,13
20280,13
20281,6
20282,13
20283,10
20284,8
20285,15
20286,14
20287,9
20288,13
20289,11
20290,15
20291,9
20292,11
20293,12
20294,12
20295,11
20296,9
20297,9
20298,13
20299,11
20300,10
20301,10
20302,8
20303,6
20304,11
20305,10
20306,12
20307,8
20308,9
20309,9
20310,9
20311,10
20312,8
20313,9
20314,10
20315,10
20316,13
20317,7
20318,9
20319,10
20320,9
20321,13
20322,5
20323,18
20324,10
20325,11
20326,12
20327,13
20328,9
20329,8
20330,11
20331,11
20332,11
20333,10
20334,7
20335,9
20336,9
20337,11
20338,9
20339,9
20340,7
20341,16
20342,12
20343,10
20344,11
20345,11
20346,10
20347,12
20348,10
20349,11
20350,10
20351,7
20352,7
20353,12
20354,9
20355,12
20356,11
20357,7
20358,12
20359,11
20360,10
20361,7
20362,11
20363,10
20364,8
20365,12
20366,13
20367,12
20368,11
20369,10
20370,6
20371,13
20372,9
20373,14
20374,9
20375,7
20376,10
20377,14
20378,5
20379,8
20380,8
20381,12
20382,10
20383,10
20384,10
20385,6
20386,11
20387,7
20388,12
20389,11
20390,11
20391,16
20392,11
20393,12
20394,9
20395,6
20396,17
20397,12
20398,15
20399,14
20400,11
20401,10
20402,9
20403,7
20404,9
20405,10
20406,10
20407,11
20408,9
20409,11
20410,10
20411,11
20412,17
20413,9
20414,9
20415,13
20416,15
20417,9
20418,9
20419,10
20420,10
20421,9
20422,5
20423,9
20424,9
20425,12
20426,7
20427,9
20428,11
20429,8
20430,6
20431,10
20432,7
20433,9
20434,10
20435,7
20436,8
20437,11
20438,10
20439,9
20440,15
20441,12
20442,9
20443,10
20444,5
20445,10
20446,9
20447,8
20448,14
20449,11
20450,13
20451,13
20452,16
20453,6
20454,16
20455,8
20456,10
20457,10
20458,10
20459,8
20460,8
20461,11
20462,11
20463,9
20464,10
20465,11
20466,13
20467,6
20468,8
20469,7
20470,6
20471,12
20472,12
20473,11
20474,9
20475,6
20476,10
20477,12
20478,11
20479,15
20480,7
20481,11
20482,9
20483,10
20484,10
20485,10
20486,14
20487,10
20488,10
20489,10
20490,11
20491,12
20492,8
20493,12
20494,9
20495,11
20496,14
20497,9
20498,4
20499,17
20500,7
20501,15
20502,7
20503,8
20504,6
20505,10
20506,8
20507,6
20508,10
20509,10
20510,14
20511,9
20512,13
20513,10
20514,16
20515,12
20516,9
20517,8
20518,14
20519,8
20520,11
20521,7
20522,7
20523,9
20524,10
20525,11
20526,15
20527,11
20528,13
20529,9
20530,9
20531,9
20532,10
20533,10
20534,12
20535,10
20536,8
20537,8
20538,9
20539,10
20540,10
20541,10
20542,9
20543,11
20544,6
20545,10
20546,12
20547,10
20548,10
20549,12
20550,15
20551,8
20552,7
20553,7
20554,11
20555,11
20556,17
20557,10
20558,7
20559,7
20560,9
20561,10
20562,11
20563,6
20564,12
20565,10
20566,6
20567,9
20568,11
20569,9
20570,8
20571,11
20572,11
20573,10
20574,6
20575,10
20576,6
20577,9
20578,7
20579,16
20580,8
20581,10
20582,7
20583,14
20584,11
20585,11
20586,10
20587,10
20588,13
20589,6
20590,9
20591,9
20592,12
20593,14
20594,17
20595,9
20596,11
20597,8
20598,9
20599,7
20600,7
20601,10
20602,10
20603,12
20604,7
20605,10
20606,12
20607,7
20608,12
20609,5
20610,8
20611,8
20612,10
20613,13
20614,11
20615,5
20616,7
20617,10
20618,11
20619,6
20620,12
20621,11
20622,11
20623,8
20624,15
20625,5
20626,9
20627,13
20628,12
20629,11
20630,13
20631,15
20632,8
20633,9
20634,6
20635,6
20636,8
20637,11
20638,4
20639,7
20640,12
20641,10
20642,9
20643,12
20644,12
20645,6
20646,10
20647,10
20648,9
20649,11
20650,11
20651,9
20652,10
20653,9
20654,10
20655,10
20656,14
20657,7
20658,9
20659,10
20660,12
20661,10
20662,5
20663,10
20664,6
20665,10
20666,10
20667,9
20668,12
20669,11
20670,7
20671,7
20672,11
20673,5
20674,10
20675,11
20676,8
20677,11
20678,17
20679,11
20680,9
20681,12
20682,10
20683,9
20684,14
20685,5
20686,13
20687,9
20688,7
20689,12
20690,11
20691,11
20692,11
20693,11
20694,10
20695,10
20696,6
20697,10
20698,11
20699,11
20700,11
20701,9
20702,11
20703,11
20704,9
20705,7
20706,8
20707,10
20708,15
20709,11
20710,9
20711,4
20712,11
20713,8
20714,10
20715,7
20716,10
20717,13
20718,12
20719,9
20720,13
20721,10
20722,9
20723,10
20724,10
20725,13
20726,4
20727,6
20728,9
20729,11
20730,6
20731,7
20732,6
20733,10
20734,10
20735,10
20736,8
20737,12
20738,10
20739,7
20740,15
20741,6
20742,10
20743,9
20744,10
20745,11
20746,8
20747,8
20748,10
20749,11
20750,12
20751,8
20752,10
20753,9
20754,7
20755,12
20756,8
20757,11
20758,11
20759,8
20760,11
20761,7
20762,13
20763,8
20764,6
20765,10
20766,7
20767,10
20768,8
20769,7
20770,6
20771,10
20772,9
20773,9
20774,6
20775,10
20776,10
20777,11
20778,10
20779,9
20780,8
20781,10
20782,11
20783,6
20784,11
20785,4
20786,10
20787,13
20788,8
20789,11
20790,10
20791,11
20792,13
20793,17
20794,10
20795,12
20796,9
20797,8
20798,7
20799,11
20800,6
20801,7
20802,11
20803,14
20804,11
20805,12
20806,13
20807,9
20808,10
20809,8
20810,15
20811,11
20812,5
20813,8
20814,7
20815,10
20816,9
20817,10
20818,7
20819,8
20820,9
20821,7
20822,9
20823,10
20824,10
20825,4
20826,7
20827,5
20828,13
20829,8
20830,10
20831,7
20832,10
20833,12
20834,12
20835,9
20836,10
20837,10
20838,8
20839,8
20840,12
20841,7
20842,13
20843,8
20844,14
20845,13
20846,10
20847,9
20848,8
20849,12
20850,12
20851,10
20852,16
20853,12
20854,10
20855,9
20856,11
20857,18
20858,11
20859,9
20860,12
20861,11
20862,5
20863,6
20864,8
20865,13
20866,11
20867,10
20868,9
20869,10
20870,9
20871,9
20872,9
20873,7
20874,12
20875,11
20876,9
20877,10
20878,6
20879,8
20880,7
20881,16
20882,5
20883,10
20884,11
20885,7
20886,8
20887,8
20888,8
20889,10
20890,12
20891,10
20892,4
20893,8
20894,5
20895,8
20896,11
20897,10
20898,9
20899,9
20900,9
20901,7
20902,8
20903,10
20904,13
20905,11
20906,7
20907,9
20908,4
20909,12
20910,15
20911,9
20912,11
20913,7
20914,9
20915,5
20916,13
20917,11
20918,7
20919,11
20920,13
20921,13
20922,11
20923,14
20924,9
20925,9
20926,11
20927,10
20928,9
20929,9
20930,10
20931,7
20932,9
20933,11
20934,8
20935,14
20936,8
20937,14
20938,7
20939,18
20940,7
20941,14
20942,12
20943,4
20944,12
20945,10
20946,11
20947,7
20948,10
20949,10
20950,6
20951,5
20952,11
20953,12
20954,14
20955,10
20956,10
20957,14
20958,7
20959,8
20960,10
20961,11
20962,9
20963,11
20964,8
20965,7
20966,7
20967,10
20968,10
20969,10
20970,6
20971,7
20972,11
20973,8
20974,7
20975,8
20976,9
20977,13
20978,14
20979,12
20980,14
20981,10
20982,9
20983,7
20984,10
20985,9
20986,10
20987,7
20988,8
20989,11
20990,9
20991,8
20992,11
20993,10
20994,7
20995,12
20996,9
20997,11
20998,7
20999,6
21000,10
21001,8
21002,11
21003,11
21004,12
21005,12
21006,7
21007,8
21008,11
21009,9
21010,13
21011,11
21012,11
21013,7
21014,13
21015,11
21016,9
21017,11
21018,8
21019,13
21020,9
21021,10
21022,11
21023,10
21024,14
21025,17
21026,9
21027,5
21028,7
21029,10
21030,9
21031,10
21032,8
21033,9
21034,8
21035,10
21036,9
21037,10
21038,11
21039,6
21040,8
21041,11
21042,11
21043,5
21044,6
21045,6
21046,8
21047,4
21048,10
21049,11
21050,11
21051,11
21052,9
21053,7
21054,9
21055,8
21056,11
21057,11
21058,10
21059,6
21060,12
21061,8
21062,7
21063,8
21064,9
21065,7
21066,10
21067,11
21068,7
21069,9
21070,11
21071,7
21072,7
21073,10
21074,9
21075,7
21076,7
21077,10
21078,7
21079,9
21080,10
21081,13
21082,11
21083,11
21084,12
21085,4
21086,11
21087,10
21088,11
21089,7
21090,10
21091,6
21092,10
21093,11
21094,8
21095,10
21096,9
21097,8
21098,10
21099,15
21100,11
21101,11
21102,8
21103,10
21104,11
21105,7
21106,14
21107,15
21108,9
21109,8
21110,11
21111,9
21112,12
21113,10
21114,9
21115,5
21116,9
21117,7
21118,9
21119,8
21120,12
21121,12
21122,11
21123,11
21124,12
21125,10
21126,10
21127,13
21128,10
21129,11
21130,14
21131,10
21132,10
21133,7
21134,10
21135,9
21136,11
21137,9
21138,10
21139,9
21140,11
21141,10
21142,9
21143,11
21144,16
21145,7
21146,10
21147,11
21148,19
21149,16
21150,11
21151,6
21152,11
21153,18
21154,9
21155,14
21156,10
21157,11
21158,12
21159,8
21160,11
21161,10
21162,8
21163,7
21164,11
21165,5
21166,11
21167,11
21168,12
21169,7
21170,10
21171,9
21172,9
21173,11
21174,7
21175,12
21176,11
21177,12
21178,13
21179,8
21180,10
21181,8
21182,9
21183,12
21184,9
21185,9
21186,10
21187,7
21188,10
21189,7
21190,12
21191,7
21192,12
21193,9
21194,11
21195,10
21196,9
21197,11
21198,9
21199,10
21200,9
21201,11
21202,7
21203,6
21204,17
21205,11
21206,9
21207,15
21208,8
21209,11
21210,11
21211,7
21212,10
21213,8
21214,6
21215,9
21216,6
21217,11
21218,13
21219,8
21220,13
21221,9
21222,9
21223,10
21224,14
21225,11
21226,7
21227,10
21228,11
21229,11
21230,11
21231,9
21232,9
21233,12
21234,9
21235,5
21236,10
21237,9
21238,8
21239,8
21240,11
21241,10
21242,10
21243,7
21244,11
21245,11
21246,11
21247,7
21248,10
21249,4
21250,8
21251,9
21252,5
21253,11
21254,7
21255,9
21256,10
21257,7
21258,8
21259,5
21260,10
21261,11
21262,7
21263,9
21264,10
21265,11
21266,7
21267,9
21268,7
21269,6
21270,7
21271,11
21272,9
21273,10
21274,11
21275,13
21276,9
21277,11
21278,11
21279,11
21280,10
21281,11
21282,11
21283,9
21284,13
21285,11
21286,8
21287,10
21288,8
21289,8
21290,11
21291,9
21292,12
21293,10
21294,8
21295,9
21296,10
21297,10
21298,10
21299,10
21300,4
21301,14
21302,9
21303,10
21304,16
21305,9
21306,8
21307,9
21308,7
21309,8
21310,11
21311,9
21312,7
21313,13
21314,12
21315,13
21316,11
21317,11
21318,11
21319,10
21320,8
21321,11
21322,10
21323,7
21324,14
21325,10
21326,10
21327,7
21328,10
21329,11
21330,14
21331,11
21332,7
21333,9
21334,10
21335,7
21336,10
21337,7
21338,8
21339,7
21340,11
21341,15
21342,9
21343,9
21344,10
21345,11
21346,9
21347,10
21348,12
21349,13
21350,10
21351,6
21352,11
21353,13
21354,12
21355,10
21356,11
21357,9
21358,12
21359,10
21360,7
21361,10
21362,17
21363,13
21364,10
21365,10
21366,9
21367,8
21368,11
21369,7
21370,9
21371,11
21372,15
21373,10
21374,13
21375,9
21376,7
21377,4
21378,8
21379,7
21380,10
21381,9
21382,10
21383,10
21384,8
21385,9
21386,10
21387,10
21388,9
21389,11
21390,11
21391,10
21392,11
21393,14
21394,14
21395,5
21396,9
21397,9
21398,12
21399,14
21400,10
21401,12
21402,13
21403,13
21404,6
21405,10
21406,9
21407,9
21408,11
21409,10
21410,9
21411,16
21412,11
21413,9
21414,9
21415,10
21416,8
21417,9
21418,9
21419,11
21420,10
21421,11
21422,6
21423,7
21424,9
21425,9
21426,11
21427,5
21428,10
21429,6
21430,8
21431,10
21432,10
21433,11
21434,10
21435,5
21436,9
21437,11
21438,11
21439,9
21440,13
21441,11
21442,8
21443,6
21444,9
21445,10
21446,8
21447,9
21448,11
21449,9
21450,9
21451,13
21452,9
21453,9
21454,13
21455,11
21456,11
21457,13
21458,11
21459,10
21460,6
21461,7
21462,14
21463,4
21464,7
21465,5
21466,12
21467,11
21468,7
21469,5
21470,11
21471,7
21472,10
21473,10
21474,15
21475,8
21476,11
21477,13
21478,7
21479,10
21480,12
21481,10
21482,10
21483,8
21484,10
21485,12
21486,9
21487,11
21488,9
21489,7
21490,10
21491,13
21492,7
21493,4
21494,12
21495,6
21496,8
21497,12
21498,14
21499,9
21500,6
21501,12
21502,7
21503,13
21504,7
21505,9
21506,7
21507,8
21508,12
21509,6
21510,10
21511,10
21512,10
21513,9
21514,8
21515,8
21516,7
21517,5
21518,11
21519,8
21520,10
21521,11
21522,9
21523,10
21524,11
21525,9
21526,9
21527,11
21528,10
21529,8
21530,9
21531,13
21532,8
21533,10
21534,4
21535,8
21536,10
21537,10
21538,10
21539,7
21540,10
21541,4
21542,14
21543,5
21544,9
21545,7
21546,10
21547,13
21548,9
21549,12
21550,5
21551,17
21552,10
21553,6
21554,6
21555,9
21556,10
21557,10
21558,9
21559,9
21560,11
21561,11
21562,11
21563,11
21564,9
21565,5
21566,11
21567,8
21568,6
21569,8
21570,11
21571,5
21572,9
21573,11
21574,12
21575,11
21576,12
21577,10
21578,11
21579,10
21580,11
21581,8
21582,6
21583,10
21584,10
21585,13
21586,15
21587,10
21588,12
21589,9
21590,16
21591,9
21592,14
21593,13
21594,4
21595,11
21596,10
21597,14
21598,7
21599,7
21600,16
21601,10
21602,9
21603,11
21604,6
21605,8
21606,11
21607,12
21608,11
21609,12
21610,8
21611,8
21612,10
21613,7
21614,4
21615,6
21616,5
21617,10
21618,7
21619,9
21620,14
21621,10
21622,11
21623,12
21624,8
21625,9
21626,9
21627,8
21628,9
21629,7
21630,6
21631,11
21632,7
21633,13
21634,8
21635,12
21636,17
21637,10
21638,7
21639,10
21640,6
21641,9
21642,11
21643,5
21644,11
21645,13
21646,10
21647,11
21648,15
21649,10
21650,9
21651,9
21652,9
21653,10
21654,13
21655,8
21656,15
21657,7
21658,9
21659,6
21660,10
21661,11
21662,10
21663,10
21664,17
21665,11
21666,7
21667,7
21668,7
21669,10
21670,11
21671,10
21672,10
21673,9
21674,8
21675,6
21676,9
21677,14
21678,6
21679,9
21680,7
21681,8
21682,10
21683,9
21684,12
21685,11
21686,12
21687,12
21688,5
21689,16
21690,11
21691,4
21692,14
21693,7
21694,13
21695,8
21696,10
21697,14
21698,14
21699,11
21700,9
21701,10
21702,10
21703,11
21704,11
21705,10
21706,7
21707,7
21708,9
21709,9
21710,14
21711,11
21712,17
21713,16
21714,10
21715,6
21716,11
21717,13
21718,11
21719,12
21720,11
21721,10
21722,12
21723,10
21724,9
21725,11
21726,9
21727,6
21728,7
21729,9
21730,15
21731,9
21732,9
21733,7
21734,11
21735,11
21736,9
21737,7
21738,7
21739,11
21740,11
21741,6
21742,10
21743,11
21744,13
21745,9
21746,13
21747,10
21748,11
21749,11
21750,8
21751,5
21752,5
21753,13
21754,11
21755,8
21756,10
21757,5
21758,11
21759,10
21760,10
21761,9
21762,9
21763,7
21764,10
21765,11
21766,6
21767,9
21768,11
21769,10
21770,10
21771,13
21772,7
21773,14
21774,10
21775,6
21776,6
21777,13
21778,11
21779,9
21780,13
21781,7
21782,8
21783,14
21784,6
21785,12
21786,10
21787,10
21788,13
21789,11
21790,5
21791,9
21792,12
21793,8
21794,11
21795,6
21796,9
21797,8
21798,13
21799,10
21800,7
21801,12
21802,17
21803,11
21804,8
21805,12
21806,7
21807,13
21808,7
21809,10
21810,15
21811,10
21812,10
21813,10
21814,7
21815,11
21816,9
21817,11
21818,10
21819,10
21820,11
21821,10
21822,12
21823,14
21824,13
21825,13
21826,10
21827,12
21828,8
21829,13
21830,11
21831,11
21832,16
21833,11
21834,11
21835,11
21836,7
21837,11
21838,11
21839,7
21840,7
21841,8
21842,11
21843,13
21844,11
21845,10
21846,12
21847,6
21848,12
21849,6
21850,10
21851,7
21852,11
21853,11
21854,7
21855,10
21856,11
21857,10
21858,9
21859,7
21860,10
21861,7
21862,11
21863,11
21864,9
21865,9
21866,5
21867,7
21868,7
21869,15
21870,8
21871,12
21872,10
21873,11
21874,10
21875,7
21876,8
21877,9
21878,8
21879,8
21880,5
21881,17
21882,5
21883,11
21884,9
21885,10
21886,10
21887,10
21888,8
21889,9
21890,7
21891,10
21892,9
21893,10
21894,10
21895,16
21896,8
21897,11
21898,13
21899,12
21900,7
21901,11
21902,12
21903,10
21904,10
21905,7
21906,10
21907,7
21908,11
21909,8
21910,9
21911,12
21912,4
21913,10
21914,10
21915,7
21916,8
21917,9
21918,4
21919,10
21920,11
21921,10
21922,10
21923,8
21924,11
21925,10
21926,8
21927,9
21928,11
21929,11
21930,7
21931,11
21932,10
21933,10
21934,11
21935,12
21936,9
21937,6
21938,9
21939,10
21940,10
21941,10
21942,9
21943,8
21944,9
21945,8
21946,13
21947,10
21948,7
21949,16
21950,9
21951,6
21952,18
21953,10
21954,6
21955,10
21956,10
21957,6
21958,10
21959,12
21960,11
21961,8
21962,15
21963,12
21964,11
21965,10
21966,7
21967,11
21968,15
21969,9
21970,10
21971,9
21972,11
21973,11
21974,9
21975,8
21976,14
21977,8
21978,9
21979,10
21980,12
21981,10
21982,9
21983,7
21984,17
21985,7
21986,10
21987,16
21988,12
21989,4
21990,13
21991,8
21992,8
21993,17
21994,9
21995,11
21996,10
21997,13
21998,12
21999,11
22000,10
22001,13
22002,9
22003,11
22004,10
22005,14
22006,8
22007,8
22008,10
22009,10
22010,9
22011,15
22012,10
22013,8
22014,10
22015,7
22016,12
22017,9
22018,18
22019,8
22020,17
22021,6
22022,16
22023,7
22024,6
22025,10
22026,9
22027,8
22028,12
22029,11
22030,7
22031,9
22032,10
22033,11
22034,8
22035,10
22036,6
22037,10
22038,10
22039,12
22040,8
22041,11
22042,13
22043,13
22044,11
22045,6
22046,9
22047,10
22048,7
22049,6
22050,10
22051,10
22052,11
22053,10
22054,10
22055,11
22056,9
22057,11
22058,7
22059,9
22060,8
22061,11
22062,4
22063,7
22064,10
22065,9
22066,9
22067,9
22068,7
22069,7
22070,7
22071,10
22072,9
22073,8
22074,5
22075,10
22076,9
22077,7
22078,9
22079,14
22080,11
22081,10
22082,18
22083,11
22084,10
22085,7
22086,9
22087,9
22088,9
22089,9
22090,7
22091,9
22092,11
22093,11
22094,11
22095,11
22096,10
22097,13
22098,13
22099,13
22100,7
22101,12
22102,11
22103,11
22104,9
22105,7
22106,9
22107,8
22108,12
22109,15
22110,6
22111,7
22112,5
22113,10
22114,9
22115,10
22116,9
22117,9
22118,5
22119,11
22120,15
22121,5
22122,18
22123,6
22124,9
22125,11
22126,11
22127,5
22128,9
22129,11
22130,13
22131,8
22132,11
22133,11
22134,11
22135,11
22136,8
22137,12
22138,9
22139,7
22140,11
22141,7
22142,9
22143,11
22144,11
22145,4
22146,7
22147,18
22148,8
22149,11
22150,11
22151,10
22152,8
22153,7
22154,13
22155,9
22156,9
22157,11
22158,8
22159,11
22160,9
22161,9
22162,9
22163,9
22164,7
22165,7
22166,11
22167,6
22168,18
22169,10
22170,12
22171,11
22172,15
22173,11
22174,5
22175,17
22176,10
22177,9
22178,10
22179,7
22180,9
22181,9
22182,7
22183,8
22184,10
22185,14
22186,6
22187,11
22188,11
22189,8
22190,13
22191,9
22192,9
22193,10
22194,9
22195,9
22196,10
22197,6
22198,10
22199,12
22200,10
22201,10
22202,10
22203,9
22204,10
22205,11
22206,10
22207,10
22208,8
22209,8
22210,11
22211,10
22212,6
22213,9
22214,7
22215,8
22216,14
22217,7
22218,9
22219,10
22220,11
22221,6
22222,12
22223,4
22224,7
22225,5
22226,6
22227,7
22228,9
22229,10
22230,8
22231,11
22232,5
22233,11
22234,7
22235,15
22236,12
22237,8
22238,14
22239,16
22240,7
22241,7
22242,10
22243,10
22244,8
22245,8
22246,16
22247,10
22248,12
22249,11
22250,10
22251,9
22252,10
22253,10
22254,10
22255,5
22256,9
22257,8
22258,8
22259,7
22260,10
22261,7
22262,6
22263,10
22264,7
22265,10
22266,11
22267,8
22268,6
22269,6
22270,7
22271,12
22272,12
22273,7
22274,10
22275,11
22276,6
22277,11
22278,11
22279,10
22280,9
22281,10
22282,10
22283,12
22284,15
22285,12
22286,10
22287,5
22288,10
22289,10
22290,10
22291,7
22292,10
22293,10
22294,10
22295,9
22296,13
22297,7
22298,8
22299,7
22300,11
22301,9
22302,11
22303,7
22304,8
22305,7
22306,11
22307,10
22308,10
22309,6
22310,11
22311,11
22312,11
22313,11
22314,9
22315,10
22316,11
22317,11
22318,10
22319,7
22320,10
22321,8
22322,14
22323,11
22324,10
22325,9
22326,10
22327,5
22328,13
22329,8
22330,11
22331,16
22332,11
22333,10
22334,13
22335,10
22336,9
22337,7
22338,11
22339,10
22340,11
22341,9
22342,9
22343,11
22344,8
22345,11
22346,9
22347,10
22348,11
22349,14
22350,11
22351,10
22352,10
22353,8
22354,8
22355,9
22356,9
22357,9
22358,6
22359,4
22360,11
22361,11
22362,9
22363,13
22364,11
22365,11
22366,8
22367,9
22368,9
22369,4
22370,10
22371,10
22372,13
22373,10
22374,11
22375,7
22376,9
22377,13
22378,4
22379,10
22380,13
22381,9
22382,13
22383,15
22384,13
22385,11
22386,9
22387,12
22388,9
22389,10
22390,4
22391,9
22392,13
22393,8
22394,6
22395,9
22396,12
22397,14
22398,10
22399,11
22400,6
22401,11
22402,8
22403,6
22404,8
22405,7
22406,16
22407,12
22408,12
22409,10
22410,9
22411,16
22412,13
22413,11
22414,5
22415,11
22416,10
22417,10
22418,4
22419,7
22420,7
22421,11
22422,9
22423,11
22424,9
22425,7
22426,17
22427,9
22428,6
22429,11
22430,9
22431,10
22432,11
22433,5
22434,8
22435,13
22436,6
22437,11
22438,12
22439,9
22440,13
22441,5
22442,7
22443,11
22444,10
22445,6
22446,7
22447,11
22448,6
22449,7
22450,6
22451,13
22452,7
22453,11
22454,11
22455,7
22456,15
22457,8
22458,9
22459,10
22460,9
22461,6
22462,8
22463,11
22464,7
22465,10
22466,17
22467,8
22468,9
22469,12
22470,7
22471,10
22472,12
22473,10
22474,9
22475,8
22476,4
22477,11
22478,6
22479,7
22480,10
22481,9
22482,8
22483,9
22484,15
22485,11
22486,9
22487,16
22488,7
22489,4
22490,6
22491,7
22492,8
22493,10
22494,7
22495,13
22496,11
22497,9
22498,12
22499,10
22500,11
22501,14
22502,10
22503,4
22504,9
22505,9
22506,8
22507,9
22508,9
22509,11
22510,7
22511,10
22512,11
22513,9
22514,9
22515,7
22516,10
22517,14
22518,11
22519,7
22520,9
22521,15
22522,11
22523,16
22524,9
22525,9
22526,14
22527,8
22528,10
22529,13
22530,6
22531,11
22532,10
22533,10
22534,11
22535,11
22536,9
22537,8
22538,7
22539,11
22540,13
22541,10
22542,7
22543,9
22544,11
22545,6
22546,12
22547,7
22548,9
22549,5
22550,16
22551,16
22552,12
22553,12
22554,10
22555,7
22556,10
22557,9
22558,13
22559,10
22560,5
22561,11
22562,12
22563,8
22564,11
22565,8
22566,7
22567,7
22568,10
22569,12
22570,6
22571,11
22572,9
22573,7
22574,11
22575,18
22576,8
22577,10
22578,9
22579,8
22580,19
22581,7
22582,13
22583,8
22584,9
22585,8
22586,11
22587,11
22588,10
22589,11
22590,12
22591,13
22592,10
22593,14
22594,12
22595,8
22596,7
22597,10
22598,9
22599,9
22600,8
22601,10
22602,11
22603,12
22604,13
22605,8
22606,13
22607,10
22608,13
22609,5
22610,8
22611,8
22612,10
22613,13
22614,8
22615,12
22616,10
22617,4
22618,10
22619,15
22620,11
22621,6
22622,11
22623,11
22624,12
22625,7
22626,10
22627,8
22628,11
22629,10
22630,11
22631,11
22632,8
22633,12
22634,15
22635,13
22636,10
22637,10
22638,12
22639,8
22640,12
22641,11
22642,11
22643,8
22644,4
22645,9
22646,7
22647,11
22648,10
22649,12
22650,16
22651,9
22652,9
22653,11
22654,10
22655,11
22656,9
22657,10
22658,12
22659,11
22660,10
22661,10
22662,6
22663,9
22664,7
22665,16
22666,12
22667,8
22668,7
22669,9
22670,9
22671,12
22672,6
22673,9
22674,8
22675,17
22676,13
22677,10
22678,12
22679,11
22680,11
22681,16
22682,10
22683,7
22684,7
22685,10
22686,12
22687,9
22688,10
22689,10
22690,10
22691,7
22692,6
22693,10
22694,10
22695,12
22696,4
22697,11
22698,8
22699,9
22700,10
22701,10
22702,12
22703,10
22704,8
22705,11
22706,9
22707,5
22708,10
22709,10
22710,8
22711,12
22712,6
22713,10
22714,12
22715,10
22716,9
22717,10
22718,7
22719,11
22720,9
22721,6
22722,16
22723,11
22724,11
22725,11
22726,8
22727,11
22728,9
22729,9
22730,8
22731,13
22732,14
22733,10
22734,7
22735,11
22736,11
22737,8
22738,9
22739,9
22740,10
22741,9
22742,14
22743,12
22744,9
22745,7
22746,9
22747,10
22748,11
22749,9
22750,6
22751,12
22752,10
22753,6
22754,9
22755,8
22756,14
22757,11
22758,10
22759,10
22760,14
22761,8
22762,10
22763,6
22764,10
22765,10
22766,11
22767,7
22768,12
22769,13
22770,10
22771,8
22772,6
22773,10
22774,12
22775,12
22776,12
22777,14
22778,9
22779,8
22780,12
22781,4
22782,10
22783,7
22784,14
22785,9
22786,7
22787,9
22788,11
22789,4
22790,9
22791,4
22792,7
22793,4
22794,10
22795,7
22796,7
22797,7
22798,10
22799,15
22800,11
22801,10
22802,8
22803,11
22804,13
22805,6
22806,11
22807,12
22808,9
22809,11
22810,7
22811,10
22812,11
22813,11
22814,5
22815,12
22816,8
22817,5
22818,10
22819,9
22820,10
22821,12
22822,8
22823,10
22824,7
22825,18
22826,10
22827,12
22828,10
22829,10
22830,10
22831,8
22832,11
22833,13
22834,10
22835,14
22836,10
22837,9
22838,7
22839,11
22840,8
22841,12
22842,8
22843,9
22844,13
22845,8
22846,13
22847,13
22848,14
22849,13
22850,10
22851,10
22852,10
22853,12
22854,9
22855,11
22856,14
22857,8
22858,12
22859,13
22860,5
22861,13
22862,5
22863,9
22864,8
22865,7
22866,12
22867,11
22868,9
22869,10
22870,7
22871,7
22872,10
22873,17
22874,5
22875,11
22876,9
22877,9
22878,10
22879,12
22880,6
22881,6
22882,12
22883,9
22884,10
22885,7
22886,13
22887,11
22888,11
22889,5
22890,9
22891,11
22892,10
22893,11
22894,11
22895,5
22896,4
22897,10
22898,15
22899,6
22900,8
22901,9
22902,11
22903,11
22904,12
22905,9
22906,10
22907,9
22908,13
22909,6
22910,6
22911,9
22912,11
22913,11
22914,11
22915,10
22916,5
22917,9
22918,12
22919,9
22920,11
22921,14
22922,12
22923,10
22924,9
22925,14
22926,13
22927,12
22928,13
22929,8
22930,10
22931,11
22932,12
22933,8
22934,12
22935,12
22936,9
22937,11
22938,11
22939,9
22940,8
22941,7
22942,11
22943,10
22944,9
22945,10
22946,7
22947,4
22948,11
22949,13
22950,10
22951,11
22952,10
22953,15
22954,11
22955,6
22956,10
22957,10
22958,15
22959,10
22960,11
22961,8
22962,8
22963,11
22964,12
22965,11
22966,8
22967,10
22968,11
22969,5
22970,12
22971,7
22972,9
22973,14
22974,12
22975,9
22976,9
22977,12
22978,11
22979,10
22980,11
22981,8
22982,10
22983,5
22984,12
22985,11
22986,8
22987,9
22988,8
22989,9
22990,11
22991,12
22992,12
22993,13
22994,11
22995,6
22996,10
22997,11
22998,11
22999,12
23000,12
23001,8
23002,10
23003,4
23004,11
23005,8
23006,9
23007,12
23008,10
23009,12
23010,8
23011,10
23012,9
23013,10
23014,9
23015,8
23016,11
23017,10
23018,11
23019,7
23020,19
23021,9
23022,9
23023,10
23024,11
23025,10
23026,9
23027,15
23028,11
23029,11
23030,6
23031,8
23032,11
23033,9
23034,8
23035,7
23036,10
23037,10
23038,7
23039,11
23040,9
23041,8
23042,6
23043,9
23044,10
23045,10
23046,8
23047,7
23048,11
23049,9
23050,7
23051,12
23052,11
23053,11
23054,11
23055,12
23056,10
23057,6
23058,7
23059,12
23060,10
23061,4
23062,12
23063,8
23064,11
23065,7
23066,10
23067,5
23068,10
23069,14
23070,10
23071,12
23072,10
23073,10
23074,10
23075,10
23076,17
23077,9
23078,15
23079,9
23080,6
23081,6
23082,9
23083,10
23084,9
23085,11
23086,8
23087,12
23088,15
23089,11
23090,7
23091,10
23092,13
23093,10
23094,6
23095,9
23096,12
23097,9
23098,10
23099,10
23100,6
23101,9
23102,14
23103,7
23104,8
23105,8
23106,14
23107,6
23108,14
23109,11
23110,18
23111,8
23112,11
23113,5
23114,10
23115,8
23116,7
23117,11
23118,10
23119,9
23120,8
23121,10
23122,13
23123,12
23124,11
23125,10
23126,11
23127,10
23128,12
23129,8
23130,9
23131,18
23132,8
23133,6
23134,14
23135,10
23136,11
23137,9
23138,11
23139,12
23140,12
23141,8
23142,6
23143,10
23144,12
23145,7
23146,11
23147,9
23148,9
23149,9
23150,10
23151,15
23152,11
23153,11
23154,7
23155,12
23156,14
23157,7
23158,10
23159,6
23160,9
23161,12
23162,5
23163,10
23164,10
23165,8
23166,10
23167,14
23168,6
23169,11
23170,9
23171,7
23172,6
23173,12
23174,7
23175,11
23176,8
23177,13
23178,9
23179,10
23180,11
23181,10
23182,8
23183,9
23184,13
23185,10
23186,7
23187,10
23188,9
23189,11
23190,13
23191,6
23192,10
23193,10
23194,9
23195,8
23196,11
23197,11
23198,9
23199,16
23200,10
23201,11
23202,10
23203,9
23204,6
23205,9
23206,9
23207,10
23208,8
23209,12
23210,10
23211,4
23212,6
23213,11
23214,12
23215,11
23216,11
23217,10
23218,9
23219,11
23220,6
23221,11
23222,8
23223,9
23224,14
23225,8
23226,13
23227,9
23228,13
23229,10
23230,9
23231,9
23232,12
23233,10
23234,9
23235,7
23236,10
23237,9
23238,14
23239,8
23240,10
23241,12
23242,11
23243,10
23244,7
23245,11
23246,12
23247,14
23248,13
23249,11
23250,11
23251,7
23252,11
23253,7
23254,10
23255,11
23256,7
23257,7
23258,7
23259,11
23260,9
23261,10
23262,9
23263,8
23264,11
23265,11
23266,11
23267,11
23268,7
23269,7
23270,9
23271,13
23272,9
23273,16
23274,13
23275,10
23276,5
23277,11
23278,8
23279,18
23280,8
23281,9
23282,9
23283,11
23284,11
23285,11
23286,11
23287,14
23288,7
23289,5
23290,9
23291,10
23292,11
23293,10
23294,10
23295,13
23296,11
23297,8
23298,9
23299,11
23300,5
23301,11
23302,9
23303,10
23304,4
23305,7
23306,10
23307,11
23308,11
23309,10
23310,5
23311,14
23312,11
23313,10
23314,9
23315,12
23316,9
23317,16
23318,6
23319,7
23320,10
23321,10
23322,11
23323,9
23324,14
23325,11
23326,9
23327,10
23328,10
23329,10
23330,6
23331,15
23332,15
23333,9
23334,9
23335,7
23336,9
23337,10
23338,9
23339,9
23340,7
23341,10
23342,9
23343,9
23344,10
23345,8
23346,7
23347,9
23348,11
23349,11
23350,11
23351,6
23352,10
23353,10
23354,9
23355,7
23356,7
23357,7
23358,4
23359,15
23360,14
23361,12
23362,15
23363,9
23364,9
23365,13
23366,8
23367,17
23368,11
23369,10
23370,11
23371,9
23372,9
23373,10
23374,7
23375,4
23376,10
23377,11
23378,9
23379,9
23380,8
23381,9
23382,14
23383,11
23384,10
23385,16
23386,9
23387,12
23388,7
23389,11
23390,10
23391,12
23392,11
23393,9
23394,14
23395,7
23396,9
23397,13
23398,10
23399,9
23400,11
23401,9
23402,11
23403,12
23404,15
23405,7
23406,12
23407,11
23408,10
23409,14
23410,8
23411,10
23412,9
23413,12
23414,11
23415,8
23416,8
23417,10
23418,10
23419,17
23420,7
23421,12
23422,10
23423,13
23424,8
23425,17
23426,14
23427,10
23428,11
23429,11
23430,11
23431,9
23432,10
23433,10
23434,17
23435,11
23436,12
23437,7
23438,9
23439,10
23440,11
23441,15
23442,12
23443,9
23444,9
23445,9
23446,12
23447,10
23448,13
23449,9
23450,11
23451,12
23452,10
23453,13
23454,15
23455,10
23456,11
23457,9
23458,11
23459,11
23460,9
23461,10
23462,12
23463,10
23464,9
23465,15
23466,8
23467,10
23468,9
23469,4
23470,11
23471,10
23472,9
23473,11
23474,10
23475,11
23476,12
23477,11
23478,9
23479,11
23480,15
23481,8
23482,9
23483,10
23484,15
23485,13
23486,7
23487,11
23488,5
23489,11
23490,11
23491,10
23492,10
23493,11
23494,9
23495,8
23496,7
23497,7
23498,7
23499,9
23500,8
23501,8
23502,10
23503,10
23504,7
23505,10
23506,12
23507,9
23508,5
23509,7
23510,9
23511,9
23512,9
23513,8
23514,10
23515,10
23516,12
23517,9
23518,7
23519,11
23520,9
23521,12
23522,9
23523,11
23524,9
23525,12
23526,6
23527,9
23528,6
23529,9
23530,10
23531,11
23532,10
23533,13
23534,5
23535,14
23536,11
23537,14
23538,7
23539,11
23540,7
23541,15
23542,14
23543,7
23544,7
23545,11
23546,10
23547,4
23548,7
23549,12
23550,11
23551,7
23552,6
23553,12
23554,6
23555,10
23556,9
23557,11
23558,10
23559,10
23560,5
23561,12
23562,5
23563,15
23564,15
23565,11
23566,9
23567,8
23568,8
23569,7
23570,9
23571,5
23572,6
23573,9
23574,8
23575,9
23576,13
23577,9
23578,10
23579,9
23580,13
23581,8
23582,16
23583,11
23584,7
23585,8
23586,7
23587,7
23588,9
23589,15
23590,12
23591,8
23592,11
23593,15
23594,8
23595,8
23596,11
23597,7
23598,10
23599,11
23600,11
23601,7
23602,15
23603,11
23604,7
23605,9
23606,9
23607,10
23608,14
23609,6
23610,13
23611,9
23612,10
23613,9
23614,11
23615,6
23616,8
23617,12
23618,7
23619,10
23620,12
23621,6
23622,8
23623,9
23624,13
23625,10
23626,9
23627,10
23628,9
23629,13
23630,8
23631,6
23632,11
23633,9
23634,7
23635,11
23636,4
23637,9
23638,10
23639,10
23640,13
23641,8
23642,9
23643,10
23644,9
23645,7
23646,7
23647,11
23648,12
23649,9
23650,10
23651,10
23652,8
23653,10
23654,14
23655,16
23656,10
23657,9
23658,11
23659,11
23660,11
23661,11
23662,7
23663,10
23664,9
23665,10
23666,9
23667,7
23668,15
23669,10
23670,5
23671,10
23672,12
23673,7
23674,11
23675,10
23676,11
23677,10
23678,11
23679,13
23680,9
23681,11
23682,10
23683,8
23684,16
23685,4
23686,9
23687,13
23688,12
23689,9
23690,11
23691,9
23692,11
23693,8
23694,10
23695,13
23696,11
23697,10
23698,13
23699,11
23700,11
23701,10
23702,10
23703,6
23704,11
23705,8
23706,9
23707,8
23708,10
23709,8
23710,11
23711,9
23712,10
23713,12
23714,10
23715,6
23716,16
23717,10
23718,9
23719,4
23720,12
23721,10
23722,9
23723,8
23724,12
23725,6
23726,7
23727,9
23728,12
23729,9
23730,18
23731,12
23732,5
23733,11
23734,9
23735,9
23736,10
23737,5
23738,12
23739,12
23740,10
23741,10
23742,10
23743,10
23744,9
23745,12
23746,8
23747,9
23748,11
23749,11
23750,10
23751,10
23752,6
23753,11
23754,9
23755,7
23756,12
23757,17
23758,11
23759,8
23760,9
23761,7
23762,11
23763,7
23764,10
23765,10
23766,10
23767,10
23768,8
23769,10
23770,9
23771,8
23772,11
23773,11
23774,12
23775,10
23776,8
23777,9
23778,13
23779,9
23780,13
23781,9
23782,10
23783,8
23784,11
23785,10
23786,10
23787,10
23788,7
23789,7
23790,10
23791,6
23792,6
23793,12
23794,8
23795,13
23796,12
23797,6
23798,11
23799,12
23800,8
23801,16
23802,8
23803,16
23804,7
23805,8
23806,10
23807,14
23808,4
23809,6
23810,7
23811,12
23812,10
23813,5
23814,12
23815,10
23816,7
23817,11
23818,6
23819,9
23820,13
23821,13
23822,10
23823,14
23824,6
23825,9
23826,10
23827,10
23828,5
23829,9
23830,10
23831,10
23832,5
23833,5
23834,13
23835,8
23836,10
23837,12
23838,9
23839,7
23840,8
23841,12
23842,7
23843,7
23844,9
23845,10
23846,11
23847,15
23848,10
23849,10
23850,5
23851,10
23852,12
23853,11
23854,8
23855,8
23856,7
23857,10
23858,10
23859,7
23860,10
23861,15
23862,15
23863,11
23864,11
23865,9
23866,11
23867,11
23868,10
23869,13
23870,10
23871,10
23872,8
23873,7
23874,11
23875,6
23876,9
23877,12
23878,11
23879,10
23880,10
23881,10
23882,14
23883,10
23884,11
23885,12
23886,13
23887,11
23888,15
23889,11
23890,10
23891,11
23892,10
23893,10
23894,9
23895,10
23896,6
23897,8
23898,10
23899,10
23900,5
23901,10
23902,11
23903,7
23904,14
23905,12
23906,7
23907,8
23908,11
23909,10
23910,7
23911,9
23912,9
23913,8
23914,5
23915,11
23916,9
23917,11
23918,10
23919,14
23920,9
23921,15
23922,9
23923,9
23924,8
23925,7
23926,4
23927,8
23928,9
23929,14
23930,7
23931,6
23932,9
23933,5
23934,12
23935,10
23936,8
23937,11
23938,7
23939,6
23940,7
23941,7
23942,6
23943,9
23944,13
23945,8
23946,8
23947,11
23948,12
23949,10
23950,14
23951,9
23952,9
23953,10
23954,7
23955,12
23956,10
23957,11
23958,10
23959,6
23960,17
23961,5
23962,10
23963,15
23964,4
23965,11
23966,7
23967,10
23968,11
23969,9
23970,11
23971,11
23972,8
23973,7
23974,4
23975,12
23976,11
23977,16
23978,9
23979,12
23980,12
23981,9
23982,13
23983,11
23984,11
23985,13
23986,6
23987,12
23988,8
23989,9
23990,10
23991,10
23992,11
23993,11
23994,7
23995,9
23996,12
23997,9
23998,6
23999,10
24000,10
24001,10
24002,14
24003,13
24004,9
24005,11
24006,5
24007,12
24008,8
24009,10
24010,8
24011,10
24012,9
24013,14
24014,7
24015,10
24016,10
24017,6
24018,11
24019,7
24020,9
24021,5
24022,13
24023,5
24024,12
24025,9
24026,4
24027,15
24028,6
24029,10
24030,11
24031,12
24032,7
24033,11
24034,11
24035,9
24036,8
24037,8
24038,13
24039,9
24040,13
24041,7
24042,13
24043,7
24044,11
24045,7
24046,10
24047,7
24048,10
24049,5
24050,9
24051,10
24052,8
24053,11
24054,7
24055,14
24056,12
24057,7
24058,10
24059,9
24060,9
24061,13
24062,12
24063,10
24064,7
24065,7
24066,10
24067,9
24068,10
24069,11
24070,10
24071,11
24072,10
24073,10
24074,12
24075,6
24076,9
24077,10
24078,10
24079,8
24080,7
24081,11
24082,11
24083,10
24084,9
24085,8
24086,7
24087,11
24088,9
24089,11
24090,9
24091,9
24092,12
24093,5
24094,16
24095,11
24096,6
24097,10
24098,10
24099,11
24100,10
24101,10
24102,10
24103,9
24104,11
24105,9
24106,15
24107,10
24108,13
24109,9
24110,6
24111,7
24112,5
24113,8
24114,5
24115,10
24116,14
24117,11
24118,11
24119,7
24120,7
24121,9
24122,7
24123,11
24124,12
24125,9
24126,11
24127,12
24128,7
24129,7
24130,11
24131,9
24132,9
24133,10
24134,10
24135,5
24136,8
24137,8
24138,11
24139,12
24140,6
24141,6
24142,6
24143,11
24144,11
24145,11
24146,6
24147,4
24148,9
24149,5
24150,7
24151,13
24152,11
24153,10
24154,7
24155,7
24156,9
24157,9
24158,11
24159,9
24160,11
24161,8
24162,5
24163,7
24164,12
24165,13
24166,7
24167,7
24168,10
24169,12
24170,10
24171,10
24172,10
24173,11
24174,7
24175,9
24176,11
24177,6
24178,6
24179,10
24180,11
24181,9
24182,12
24183,10
24184,10
24185,10
24186,7
24187,7
24188,9
24189,9
24190,5
24191,12
24192,11
24193,9
24194,15
24195,10
24196,11
24197,5
24198,5
24199,10
24200,11
24201,10
24202,12
24203,4
24204,11
24205,7
24206,10
24207,12
24208,9
24209,13
24210,17
24211,9
24212,5
24213,10
24214,12
24215,13
24216,10
24217,7
24218,15
24219,6
24220,8
24221,6
24222,13
24223,10
24224,12
24225,11
24226,8
24227,6
24228,8
24229,13
24230,11
24231,10
24232,7
24233,11
24234,11
24235,10
24236,10
24237,7
24238,13
24239,6
24240,10
24241,11
24242,9
24243,11
24244,5
24245,11
24246,10
24247,9
24248,9
24249,9
24250,9
24251,5
24252,10
24253,18
24254,11
24255,10
24256,10
24257,10
24258,13
24259,6
24260,9
24261,8
24262,11
24263,17
24264,15
24265,7
24266,4
24267,9
24268,11
24269,8
24270,10
24271,11
24272,15
24273,9
24274,9
24275,8
24276,14
24277,10
24278,11
24279,13
24280,16
24281,9
24282,10
24283,10
24284,8
24285,6
24286,13
24287,16
24288,10
24289,6
24290,8
24291,9
24292,11
24293,5
24294,10
24295,9
24296,9
24297,7
24298,11
24299,8
24300,10
24301,10
24302,9
24303,6
24304,11
24305,8
24306,11
24307,11
24308,11
24309,10
24310,10
24311,11
24312,13
24313,4
24314,5
24315,11
24316,11
24317,4
24318,10
24319,7
24320,8
24321,13
24322,7
24323,7
24324,9
24325,7
24326,9
24327,12
24328,10
24329,11
24330,10
24331,10
24332,10
24333,10
24334,11
24335,12
24336,10
24337,7
24338,16
24339,4
24340,12
24341,10
24342,11
24343,9
24344,11
24345,10
24346,10
24347,7
24348,10
24349,7
24350,15
24351,9
24352,11
24353,8
24354,14
24355,11
24356,10
24357,9
24358,11
24359,10
24360,11
24361,7
24362,11
24363,11
24364,11
24365,6
24366,9
24367,6
24368,10
24369,8
24370,13
24371,10
24372,10
24373,13
24374,10
24375,15
24376,12
24377,8
24378,9
24379,5
24380,8
24381,10
24382,5
24383,10
24384,7
24385,9
24386,9
24387,5
24388,11
24389,7
24390,4
24391,10
24392,7
24393,11
24394,15
24395,6
24396,7
24397,12
24398,7
24399,11
24400,16
24401,11
24402,11
24403,13
24404,12
24405,10
24406,11
24407,11
24408,4
24409,8
24410,11
24411,15
24412,7
24413,10
24414,11
24415,10
24416,9
24417,11
24418,9
24419,7
24420,10
24421,10
24422,8
24423,7
24424,9
24425,10
24426,14
24427,8
24428,6
24429,7
24430,10
24431,10
24432,15
24433,9
24434,6
24435,11
24436,11
24437,9
24438,10
24439,11
24440,13
24441,10
24442,5
24443,9
24444,8
24445,6
24446,10
24447,10
24448,11
24449,10
24450,11
24451,11
24452,8
24453,9
24454,6
24455,11
24456,9
24457,12
24458,13
24459,8
24460,9
24461,12
24462,9
24463,10
24464,9
24465,11
24466,10
24467,10
24468,6
24469,7
24470,15
24471,9
24472,10
24473,7
24474,11
24475,6
24476,11
24477,7
24478,11
24479,12
24480,7
24481,9
24482,10
24483,7
24484,9
24485,10
24486,12
24487,9
24488,12
24489,10
24490,4
24491,10
24492,7
24493,11
24494,11
24495,11
24496,13
24497,10
24498,9
24499,12
24500,6
24501,15
24502,9
24503,13
24504,8
24505,12
24506,9
24507,9
24508,6
24509,9
24510,11
24511,9
24512,9
24513,12
24514,7
24515,11
24516,4
24517,10
24518,9
24519,10
24520,12
24521,8
24522,9
24523,11
24524,10
24525,10
24526,6
24527,7
24528,12
24529,8
24530,9
24531,13
24532,10
24533,6
24534,17
24535,10
24536,7
24537,10
24538,7
24539,12
24540,13
24541,11
24542,10
24543,10
24544,7
24545,9
24546,8
24547,10
24548,6
24549,10
24550,7
24551,9
24552,7
24553,7
24554,11
24555,7
24556,10
24557,8
24558,11
24559,12
24560,10
24561,10
24562,7
24563,9
24564,9
24565,9
24566,10
24567,11
24568,12
24569,10
24570,8
24571,11
24572,7
24573,7
24574,10
24575,9
24576,8
24577,7
24578,11
24579,6
24580,12
24581,9
24582,10
24583,11
24584,10
24585,6
24586,10
24587,10
24588,9
24589,9
24590,6
24591,10
24592,14
24593,10
24594,8
24595,11
24596,5
24597,11
24598,11
24599,10
24600,4
24601,10
24602,9
24603,10
24604,7
24605,5
24606,10
24607,5
24608,14
24609,11
24610,12
24611,10
24612,9
24613,11
24614,4
24615,10
24616,9
24617,6
24618,7
24619,8
24620,4
24621,12
24622,9
24623,11
24624,6
24625,16
24626,11
24627,10
24628,7
24629,6
24630,10
24631,14
24632,4
24633,12
24634,12
24635,5
24636,10
24637,7
24638,15
24639,10
24640,8
24641,8
24642,6
24643,10
24644,9
24645,10
24646,11
24647,11
24648,10
24649,13
24650,13
24651,9
24652,9
24653,8
24654,12
24655,11
24656,10
24657,7
24658,11
24659,11
24660,11
24661,14
24662,7
24663,8
24664,13
24665,13
24666,10
24667,13
24668,6
24669,9
24670,10
24671,8
24672,9
24673,14
24674,10
24675,12
24676,10
24677,6
24678,8
24679,6
24680,9
24681,8
24682,9
24683,7
24684,9
24685,5
24686,12
24687,7
24688,8
24689,8
24690,9
24691,10
24692,9
24693,9
24694,16
24695,8
24696,10
24697,12
24698,7
24699,9
24700,4
24701,8
24702,9
24703,8
24704,11
24705,10
24706,12
24707,8
24708,10
24709,11
24710,10
24711,9
24712,10
24713,7
24714,10
24715,8
24716,8
24717,6
24718,14
24719,9
24720,8
24721,5
24722,9
24723,10
24724,14
24725,11
24726,11
24727,7
24728,7
24729,6
24730,16
24731,9
24732,13
24733,10
24734,8
24735,9
24736,9
24737,10
24738,10
24739,8
24740,10
24741,14
24742,10
24743,13
24744,12
24745,10
24746,8
24747,11
24748,10
24749,9
24750,12
24751,8
24752,9
24753,5
24754,7
24755,11
24756,11
24757,16
24758,11
24759,11
24760,13
24761,11
24762,12
24763,7
24764,4
24765,7
24766,10
24767,8
24768,7
24769,13
24770,13
24771,10
24772,8
24773,13
24774,11
24775,12
24776,11
24777,18
24778,7
24779,11
24780,6
24781,10
24782,12
24783,13
24784,10
24785,9
24786,8
24787,5
24788,9
24789,7
24790,10
24791,12
24792,7
24793,12
24794,9
24795,8
24796,7
24797,6
24798,10
24799,12
24800,11
24801,10
24802,12
24803,7
24804,10
24805,8
24806,8
24807,9
24808,15
24809,12
24810,9
24811,12
24812,18
24813,10
24814,9
24815,8
24816,11
24817,6
24818,10
24819,7
24820,13
24821,9
24822,8
24823,8
24824,10
24825,9
24826,10
24827,12
24828,13
24829,8
24830,11
24831,11
24832,8
24833,10
24834,10
24835,7
24836,8
24837,9
24838,9
24839,8
24840,9
24841,9
24842,10
24843,11
24844,14
24845,10
24846,12
24847,7
24848,10
24849,11
24850,13
24851,17
24852,10
24853,10
24854,11
24855,11
24856,8
24857,10
24858,11
24859,8
24860,10
24861,9
24862,5
24863,9
24864,10
24865,10
24866,7
24867,15
24868,9
24869,8
24870,14
24871,12
24872,8
24873,9
24874,7
24875,10
24876,14
24877,10
24878,12
24879,14
24880,7
24881,6
24882,8
24883,11
24884,6
24885,10
24886,15
24887,9
24888,6
24889,7
24890,9
24891,11
24892,10
24893,9
24894,10
24895,8
24896,10
24897,11
24898,11
24899,11
24900,9
24901,7
24902,10
24903,7
24904,17
24905,11
24906,10
24907,9
24908,9
24909,10
24910,7
24911,12
24912,9
24913,14
24914,7
24915,9
24916,13
24917,14
24918,10
24919,9
24920,9
24921,10
24922,7
24923,10
24924,11
24925,10
24926,10
24927,11
24928,7
24929,11
24930,10
24931,9
24932,14
24933,6
24934,10
24935,9
24936,11
24937,10
24938,10
24939,11
24940,7
24941,10
24942,8
24943,12
24944,15
24945,10
24946,9
24947,9
24948,6
24949,9
24950,7
24951,16
24952,9
24953,9
24954,11
24955,11
24956,7
24957,8
24958,5
24959,8
24960,10
24961,15
24962,9
24963,9
24964,10
24965,10
24966,7
24967,10
24968,8
24969,8
24970,8
24971,10
24972,16
24973,10
24974,11
24975,9
24976,8
24977,17
24978,8
24979,11
24980,7
24981,9
24982,10
24983,8
24984,17
24985,11
24986,11
24987,7
24988,7
24989,10
24990,7
24991,13
24992,10
24993,10
24994,7
24995,11
24996,8
24997,14
24998,6
24999,5
